fetched_at,event_id,sport_key,commence_time,home_team,away_team,bookmaker_key,bookmaker_title,bookmaker_last_update,market,outcome_name,outcome_type,point,price_american,price_decimal,implied_probability,bookmaker_overround,no_vig_probability,link
2026-06-23T16:31:58.281970+00:00,760461,espn:fifa.world,2026-06-23T17:00Z,Portugal,Uzbekistan,draftkings,DraftKings,2026-06-23T16:31:58.281970+00:00,h2h,Portugal,home_win,,-700.0,1.1428571428571428,0.875,1.0452786377708978,0.8370973713439467,https://sportsbook.draftkings.com/gateway?s=__s__&wpcid=__wpcid__&wpsrc=413&wpcn=ESPN&wpscn=Widget&wpcrn=BetSlipDeepLink&wpscid=__wpscid__&wpcrid=xx&preurl=https%3A%2F%2Fsportsbook.draftkings.com%2Fevent%2F34169476%3Foutcomes%3D0ML84838565_1
2026-06-23T16:31:58.281970+00:00,760461,espn:fifa.world,2026-06-23T17:00Z,Portugal,Uzbekistan,draftkings,DraftKings,2026-06-23T16:31:58.281970+00:00,h2h,Draw,draw,,750.0,8.5,0.11764705882352941,1.0452786377708978,0.11255090707145501,https://sportsbook.draftkings.com/gateway?s=__s__&wpcid=__wpcid__&wpsrc=413&wpcn=ESPN&wpscn=Widget&wpcrn=BetSlipDeepLink&wpscid=__wpscid__&wpcrid=xx&preurl=https%3A%2F%2Fsportsbook.draftkings.com%2Fevent%2F34169476%3Foutcomes%3D0ML84838565_2
2026-06-23T16:31:58.281970+00:00,760461,espn:fifa.world,2026-06-23T17:00Z,Portugal,Uzbekistan,draftkings,DraftKings,2026-06-23T16:31:58.281970+00:00,h2h,Uzbekistan,away_win,,1800.0,19.0,0.05263157894736842,1.0452786377708978,0.050351721584598295,https://sportsbook.draftkings.com/gateway?s=__s__&wpcid=__wpcid__&wpsrc=413&wpcn=ESPN&wpscn=Widget&wpcrn=BetSlipDeepLink&wpscid=__wpscid__&wpcrid=xx&preurl=https%3A%2F%2Fsportsbook.draftkings.com%2Fevent%2F34169476%3Foutcomes%3D0ML84838565_3
2026-06-23T16:31:58.281970+00:00,760461,espn:fifa.world,2026-06-23T17:00Z,Portugal,Uzbekistan,draftkings,DraftKings,2026-06-23T16:31:58.281970+00:00,spreads,Portugal,home_spread,-2.5,105.0,2.05,0.48780487804878053,1.0622729631551635,0.45920859794821695,https://sportsbook.draftkings.com/gateway?s=__s__&wpcid=__wpcid__&wpsrc=413&wpcn=ESPN&wpscn=Widget&wpcrn=BetSlipDeepLink&wpscid=__wpscid__&wpcrid=xx&preurl=https%3A%2F%2Fsportsbook.draftkings.com%2Fevent%2F34169476%3Foutcomes%3D0HC84839029N250_1
2026-06-23T16:31:58.281970+00:00,760461,espn:fifa.world,2026-06-23T17:00Z,Portugal,Uzbekistan,draftkings,DraftKings,2026-06-23T16:31:58.281970+00:00,spreads,Uzbekistan,away_spread,2.5,-135.0,1.7407407407407407,0.574468085106383,1.0622729631551635,0.5407914020517831,https://sportsbook.draftkings.com/gateway?s=__s__&wpcid=__wpcid__&wpsrc=413&wpcn=ESPN&wpscn=Widget&wpcrn=BetSlipDeepLink&wpscid=__wpscid__&wpcrid=xx&preurl=https%3A%2F%2Fsportsbook.draftkings.com%2Fevent%2F34169476%3Foutcomes%3D0HC84839029P250_3
2026-06-23T16:31:58.281970+00:00,760461,espn:fifa.world,2026-06-23T17:00Z,Portugal,Uzbekistan,draftkings,DraftKings,2026-06-23T16:31:58.281970+00:00,totals,Over,over,3.5,110.0,2.1,0.47619047619047616,1.050658561296859,0.4532304725168756,https://sportsbook.draftkings.com/gateway?s=__s__&wpcid=__wpcid__&wpsrc=413&wpcn=ESPN&wpscn=Widget&wpcrn=BetSlipDeepLink&wpscid=__wpscid__&wpcrid=xx&preurl=https%3A%2F%2Fsportsbook.draftkings.com%2Fevent%2F34169476%3Foutcomes%3D0OU84838998O350_1
2026-06-23T16:31:58.281970+00:00,760461,espn:fifa.world,2026-06-23T17:00Z,Portugal,Uzbekistan,draftkings,DraftKings,2026-06-23T16:31:58.281970+00:00,totals,Under,under,3.5,-135.0,1.7407407407407407,0.574468085106383,1.050658561296859,0.5467695274831245,https://sportsbook.draftkings.com/gateway?s=__s__&wpcid=__wpcid__&wpsrc=413&wpcn=ESPN&wpscn=Widget&wpcrn=BetSlipDeepLink&wpscid=__wpscid__&wpcrid=xx&preurl=https%3A%2F%2Fsportsbook.draftkings.com%2Fevent%2F34169476%3Foutcomes%3D0OU84838998U350_3
2026-06-23T16:31:58.281970+00:00,760458,espn:fifa.world,2026-06-23T20:00Z,England,Ghana,draftkings,DraftKings,2026-06-23T16:31:58.281970+00:00,h2h,England,home_win,,-525.0,1.1904761904761905,0.84,1.0453571428571429,0.8035531260676461,https://sportsbook.draftkings.com/gateway?s=__s__&wpcid=__wpcid__&wpsrc=413&wpcn=ESPN&wpscn=Widget&wpcrn=BetSlipDeepLink&wpscid=__wpscid__&wpcrid=xx&preurl=https%3A%2F%2Fsportsbook.draftkings.com%2Fevent%2F34169477%3Foutcomes%3D0ML84838566_1
2026-06-23T16:31:58.281970+00:00,760458,espn:fifa.world,2026-06-23T20:00Z,England,Ghana,draftkings,DraftKings,2026-06-23T16:31:58.281970+00:00,h2h,Draw,draw,,600.0,7.0,0.14285714285714285,1.0453571428571429,0.1366586949094636,https://sportsbook.draftkings.com/gateway?s=__s__&wpcid=__wpcid__&wpsrc=413&wpcn=ESPN&wpscn=Widget&wpcrn=BetSlipDeepLink&wpscid=__wpscid__&wpcrid=xx&preurl=https%3A%2F%2Fsportsbook.draftkings.com%2Fevent%2F34169477%3Foutcomes%3D0ML84838566_2
2026-06-23T16:31:58.281970+00:00,760458,espn:fifa.world,2026-06-23T20:00Z,England,Ghana,draftkings,DraftKings,2026-06-23T16:31:58.281970+00:00,h2h,Ghana,away_win,,1500.0,16.0,0.0625,1.0453571428571429,0.05978817902289033,https://sportsbook.draftkings.com/gateway?s=__s__&wpcid=__wpcid__&wpsrc=413&wpcn=ESPN&wpscn=Widget&wpcrn=BetSlipDeepLink&wpscid=__wpscid__&wpcrid=xx&preurl=https%3A%2F%2Fsportsbook.draftkings.com%2Fevent%2F34169477%3Foutcomes%3D0ML84838566_3
2026-06-23T16:31:58.281970+00:00,760458,espn:fifa.world,2026-06-23T20:00Z,England,Ghana,draftkings,DraftKings,2026-06-23T16:31:58.281970+00:00,spreads,England,home_spread,-2.5,135.0,2.35,0.425531914893617,1.0618955512572534,0.4007285974499089,https://sportsbook.draftkings.com/gateway?s=__s__&wpcid=__wpcid__&wpsrc=413&wpcn=ESPN&wpscn=Widget&wpcrn=BetSlipDeepLink&wpscid=__wpscid__&wpcrid=xx&preurl=https%3A%2F%2Fsportsbook.draftkings.com%2Fevent%2F34169477%3Foutcomes%3D0HC84839022N250_1
2026-06-23T16:31:58.281970+00:00,760458,espn:fifa.world,2026-06-23T20:00Z,England,Ghana,draftkings,DraftKings,2026-06-23T16:31:58.281970+00:00,spreads,Ghana,away_spread,2.5,-175.0,1.5714285714285714,0.6363636363636364,1.0618955512572534,0.599271402550091,https://sportsbook.draftkings.com/gateway?s=__s__&wpcid=__wpcid__&wpsrc=413&wpcn=ESPN&wpscn=Widget&wpcrn=BetSlipDeepLink&wpscid=__wpscid__&wpcrid=xx&preurl=https%3A%2F%2Fsportsbook.draftkings.com%2Fevent%2F34169477%3Foutcomes%3D0HC84839022P250_3
2026-06-23T16:31:58.281970+00:00,760458,espn:fifa.world,2026-06-23T20:00Z,England,Ghana,draftkings,DraftKings,2026-06-23T16:31:58.281970+00:00,totals,Over,over,3.5,140.0,2.4,0.4166666666666667,1.053030303030303,0.3956834532374101,https://sportsbook.draftkings.com/gateway?s=__s__&wpcid=__wpcid__&wpsrc=413&wpcn=ESPN&wpscn=Widget&wpcrn=BetSlipDeepLink&wpscid=__wpscid__&wpcrid=xx&preurl=https%3A%2F%2Fsportsbook.draftkings.com%2Fevent%2F34169477%3Foutcomes%3D0OU84838995O350_1
2026-06-23T16:31:58.281970+00:00,760458,espn:fifa.world,2026-06-23T20:00Z,England,Ghana,draftkings,DraftKings,2026-06-23T16:31:58.281970+00:00,totals,Under,under,3.5,-175.0,1.5714285714285714,0.6363636363636364,1.053030303030303,0.60431654676259,https://sportsbook.draftkings.com/gateway?s=__s__&wpcid=__wpcid__&wpsrc=413&wpcn=ESPN&wpscn=Widget&wpcrn=BetSlipDeepLink&wpscid=__wpscid__&wpcrid=xx&preurl=https%3A%2F%2Fsportsbook.draftkings.com%2Fevent%2F34169477%3Foutcomes%3D0OU84838995U350_3
2026-06-23T16:31:58.281970+00:00,760460,espn:fifa.world,2026-06-23T23:00Z,Panama,Croatia,draftkings,DraftKings,2026-06-23T16:31:58.281970+00:00,h2h,Panama,home_win,,600.0,7.0,0.14285714285714285,1.0422610176708536,0.13706465121029518,https://sportsbook.draftkings.com/gateway?s=__s__&wpcid=__wpcid__&wpsrc=413&wpcn=ESPN&wpscn=Widget&wpcrn=BetSlipDeepLink&wpscid=__wpscid__&wpcrid=xx&preurl=https%3A%2F%2Fsportsbook.draftkings.com%2Fevent%2F34169478%3Foutcomes%3D0ML84838567_1
2026-06-23T16:31:58.281970+00:00,760460,espn:fifa.world,2026-06-23T23:00Z,Panama,Croatia,draftkings,DraftKings,2026-06-23T16:31:58.281970+00:00,h2h,Draw,draw,,340.0,4.4,0.22727272727272727,1.0422610176708536,0.21805739965274235,https://sportsbook.draftkings.com/gateway?s=__s__&wpcid=__wpcid__&wpsrc=413&wpcn=ESPN&wpscn=Widget&wpcrn=BetSlipDeepLink&wpscid=__wpscid__&wpcrid=xx&preurl=https%3A%2F%2Fsportsbook.draftkings.com%2Fevent%2F34169478%3Foutcomes%3D0ML84838567_2
2026-06-23T16:31:58.281970+00:00,760460,espn:fifa.world,2026-06-23T23:00Z,Panama,Croatia,draftkings,DraftKings,2026-06-23T16:31:58.281970+00:00,h2h,Croatia,away_win,,-205.0,1.4878048780487805,0.6721311475409836,1.0422610176708536,0.6448779491369626,https://sportsbook.draftkings.com/gateway?s=__s__&wpcid=__wpcid__&wpsrc=413&wpcn=ESPN&wpscn=Widget&wpcrn=BetSlipDeepLink&wpscid=__wpscid__&wpcrid=xx&preurl=https%3A%2F%2Fsportsbook.draftkings.com%2Fevent%2F34169478%3Foutcomes%3D0ML84838567_3
2026-06-23T16:31:58.281970+00:00,760460,espn:fifa.world,2026-06-23T23:00Z,Panama,Croatia,draftkings,DraftKings,2026-06-23T16:31:58.281970+00:00,spreads,Panama,home_spread,1.5,-155.0,1.6451612903225805,0.607843137254902,1.0522875816993464,0.5776397515527951,https://sportsbook.draftkings.com/gateway?s=__s__&wpcid=__wpcid__&wpsrc=413&wpcn=ESPN&wpscn=Widget&wpcrn=BetSlipDeepLink&wpscid=__wpscid__&wpcrid=xx&preurl=https%3A%2F%2Fsportsbook.draftkings.com%2Fevent%2F34169478%3Foutcomes%3D0HC84839078P150_1
2026-06-23T16:31:58.281970+00:00,760460,espn:fifa.world,2026-06-23T23:00Z,Panama,Croatia,draftkings,DraftKings,2026-06-23T16:31:58.281970+00:00,spreads,Croatia,away_spread,-1.5,125.0,2.25,0.4444444444444444,1.0522875816993464,0.42236024844720493,https://sportsbook.draftkings.com/gateway?s=__s__&wpcid=__wpcid__&wpsrc=413&wpcn=ESPN&wpscn=Widget&wpcrn=BetSlipDeepLink&wpscid=__wpscid__&wpcrid=xx&preurl=https%3A%2F%2Fsportsbook.draftkings.com%2Fevent%2F34169478%3Foutcomes%3D0HC84839078N150_3
2026-06-23T16:31:58.281970+00:00,760460,espn:fifa.world,2026-06-23T23:00Z,Panama,Croatia,draftkings,DraftKings,2026-06-23T16:31:58.281970+00:00,totals,Over,over,2.5,-150.0,1.6666666666666665,0.6000000000000001,1.0545454545454547,0.5689655172413793,https://sportsbook.draftkings.com/gateway?s=__s__&wpcid=__wpcid__&wpsrc=413&wpcn=ESPN&wpscn=Widget&wpcrn=BetSlipDeepLink&wpscid=__wpscid__&wpcrid=xx&preurl=https%3A%2F%2Fsportsbook.draftkings.com%2Fevent%2F34169478%3Foutcomes%3D0OU84839040O250_1
2026-06-23T16:31:58.281970+00:00,760460,espn:fifa.world,2026-06-23T23:00Z,Panama,Croatia,draftkings,DraftKings,2026-06-23T16:31:58.281970+00:00,totals,Under,under,2.5,120.0,2.2,0.45454545454545453,1.0545454545454547,0.4310344827586206,https://sportsbook.draftkings.com/gateway?s=__s__&wpcid=__wpcid__&wpsrc=413&wpcn=ESPN&wpscn=Widget&wpcrn=BetSlipDeepLink&wpscid=__wpscid__&wpcrid=xx&preurl=https%3A%2F%2Fsportsbook.draftkings.com%2Fevent%2F34169478%3Foutcomes%3D0OU84839040U250_3
2026-06-23T16:31:58.281970+00:00,760459,espn:fifa.world,2026-06-24T02:00Z,Colombia,Congo DR,draftkings,DraftKings,2026-06-23T16:31:58.281970+00:00,h2h,Colombia,home_win,,-190.0,1.526315789473684,0.6551724137931035,1.0480295566502464,0.6251468860164512,https://sportsbook.draftkings.com/gateway?s=__s__&wpcid=__wpcid__&wpsrc=413&wpcn=ESPN&wpscn=Widget&wpcrn=BetSlipDeepLink&wpscid=__wpscid__&wpcrid=xx&preurl=https%3A%2F%2Fsportsbook.draftkings.com%2Fevent%2F34169481%3Foutcomes%3D0ML84838559_1
2026-06-23T16:31:58.281970+00:00,760459,espn:fifa.world,2026-06-24T02:00Z,Colombia,Congo DR,draftkings,DraftKings,2026-06-23T16:31:58.281970+00:00,h2h,Draw,draw,,300.0,4.0,0.25,1.0480295566502464,0.23854289071680373,https://sportsbook.draftkings.com/gateway?s=__s__&wpcid=__wpcid__&wpsrc=413&wpcn=ESPN&wpscn=Widget&wpcrn=BetSlipDeepLink&wpscid=__wpscid__&wpcrid=xx&preurl=https%3A%2F%2Fsportsbook.draftkings.com%2Fevent%2F34169481%3Foutcomes%3D0ML84838559_2
2026-06-23T16:31:58.281970+00:00,760459,espn:fifa.world,2026-06-24T02:00Z,Colombia,Congo DR,draftkings,DraftKings,2026-06-23T16:31:58.281970+00:00,h2h,Congo DR,away_win,,600.0,7.0,0.14285714285714285,1.0480295566502464,0.13631022326674497,https://sportsbook.draftkings.com/gateway?s=__s__&wpcid=__wpcid__&wpsrc=413&wpcn=ESPN&wpscn=Widget&wpcrn=BetSlipDeepLink&wpscid=__wpscid__&wpcrid=xx&preurl=https%3A%2F%2Fsportsbook.draftkings.com%2Fevent%2F34169481%3Foutcomes%3D0ML84838559_3
2026-06-23T16:31:58.281970+00:00,760459,espn:fifa.world,2026-06-24T02:00Z,Colombia,Congo DR,draftkings,DraftKings,2026-06-23T16:31:58.281970+00:00,spreads,Colombia,home_spread,-0.5,-195.0,1.5128205128205128,0.6610169491525424,1.0610169491525423,0.623003194888179,https://sportsbook.draftkings.com/gateway?s=__s__&wpcid=__wpcid__&wpsrc=413&wpcn=ESPN&wpscn=Widget&wpcrn=BetSlipDeepLink&wpscid=__wpscid__&wpcrid=xx&preurl=https%3A%2F%2Fsportsbook.draftkings.com%2Fevent%2F34169481%3Foutcomes%3D0HC84839084N50_1
2026-06-23T16:31:58.281970+00:00,760459,espn:fifa.world,2026-06-24T02:00Z,Colombia,Congo DR,draftkings,DraftKings,2026-06-23T16:31:58.281970+00:00,spreads,Congo DR,away_spread,0.5,150.0,2.5,0.4,1.0610169491525423,0.37699680511182115,https://sportsbook.draftkings.com/gateway?s=__s__&wpcid=__wpcid__&wpsrc=413&wpcn=ESPN&wpscn=Widget&wpcrn=BetSlipDeepLink&wpscid=__wpscid__&wpcrid=xx&preurl=https%3A%2F%2Fsportsbook.draftkings.com%2Fevent%2F34169481%3Foutcomes%3D0HC84839084P50_3
2026-06-23T16:31:58.281970+00:00,760459,espn:fifa.world,2026-06-24T02:00Z,Colombia,Congo DR,draftkings,DraftKings,2026-06-23T16:31:58.281970+00:00,totals,Over,over,2.5,115.0,2.15,0.46511627906976744,1.0484496124031006,0.44362292051756014,https://sportsbook.draftkings.com/gateway?s=__s__&wpcid=__wpcid__&wpsrc=413&wpcn=ESPN&wpscn=Widget&wpcrn=BetSlipDeepLink&wpscid=__wpscid__&wpcrid=xx&preurl=https%3A%2F%2Fsportsbook.draftkings.com%2Fevent%2F34169481%3Foutcomes%3D0OU84839050O250_1
2026-06-23T16:31:58.281970+00:00,760459,espn:fifa.world,2026-06-24T02:00Z,Colombia,Congo DR,draftkings,DraftKings,2026-06-23T16:31:58.281970+00:00,totals,Under,under,2.5,-140.0,1.7142857142857144,0.5833333333333333,1.0484496124031006,0.55637707948244,https://sportsbook.draftkings.com/gateway?s=__s__&wpcid=__wpcid__&wpsrc=413&wpcn=ESPN&wpscn=Widget&wpcrn=BetSlipDeepLink&wpscid=__wpscid__&wpcrid=xx&preurl=https%3A%2F%2Fsportsbook.draftkings.com%2Fevent%2F34169481%3Foutcomes%3D0OU84839050U250_3
2026-06-23T16:31:58.281970+00:00,760462,espn:fifa.world,2026-06-24T19:00Z,Bosnia and Herzegovina,Qatar,draftkings,DraftKings,2026-06-23T16:31:58.281970+00:00,h2h,Bosnia and Herzegovina,home_win,,-255.0,1.392156862745098,0.7183098591549296,1.0421193829644535,0.6892778993435448,https://sportsbook.draftkings.com/gateway?s=__s__&wpcid=__wpcid__&wpsrc=413&wpcn=ESPN&wpscn=Widget&wpcrn=BetSlipDeepLink&wpscid=__wpscid__&wpcrid=xx&preurl=https%3A%2F%2Fsportsbook.draftkings.com%2Fevent%2F34206865%3Foutcomes%3D0ML84944364_1
2026-06-23T16:31:58.281970+00:00,760462,espn:fifa.world,2026-06-24T19:00Z,Bosnia and Herzegovina,Qatar,draftkings,DraftKings,2026-06-23T16:31:58.281970+00:00,h2h,Draw,draw,,425.0,5.25,0.19047619047619047,1.0421193829644535,0.18277770626850298,https://sportsbook.draftkings.com/gateway?s=__s__&wpcid=__wpcid__&wpsrc=413&wpcn=ESPN&wpscn=Widget&wpcrn=BetSlipDeepLink&wpscid=__wpscid__&wpcrid=xx&preurl=https%3A%2F%2Fsportsbook.draftkings.com%2Fevent%2F34206865%3Foutcomes%3D0ML84944364_2
2026-06-23T16:31:58.281970+00:00,760462,espn:fifa.world,2026-06-24T19:00Z,Bosnia and Herzegovina,Qatar,draftkings,DraftKings,2026-06-23T16:31:58.281970+00:00,h2h,Qatar,away_win,,650.0,7.5,0.13333333333333333,1.0421193829644535,0.1279443943879521,https://sportsbook.draftkings.com/gateway?s=__s__&wpcid=__wpcid__&wpsrc=413&wpcn=ESPN&wpscn=Widget&wpcrn=BetSlipDeepLink&wpscid=__wpscid__&wpcrid=xx&preurl=https%3A%2F%2Fsportsbook.draftkings.com%2Fevent%2F34206865%3Foutcomes%3D0ML84944364_3
2026-06-23T16:31:58.281970+00:00,760462,espn:fifa.world,2026-06-24T19:00Z,Bosnia and Herzegovina,Qatar,draftkings,DraftKings,2026-06-23T16:31:58.281970+00:00,spreads,Bosnia and Herzegovina,home_spread,-1.5,105.0,2.05,0.48780487804878053,1.0530222693531284,0.46324269889224573,https://sportsbook.draftkings.com/gateway?s=__s__&wpcid=__wpcid__&wpsrc=413&wpcn=ESPN&wpscn=Widget&wpcrn=BetSlipDeepLink&wpscid=__wpscid__&wpcrid=xx&preurl=https%3A%2F%2Fsportsbook.draftkings.com%2Fevent%2F34206865%3Foutcomes%3D0HC84978482N150_1
2026-06-23T16:31:58.281970+00:00,760462,espn:fifa.world,2026-06-24T19:00Z,Bosnia and Herzegovina,Qatar,draftkings,DraftKings,2026-06-23T16:31:58.281970+00:00,spreads,Qatar,away_spread,1.5,-130.0,1.7692307692307692,0.5652173913043479,1.0530222693531284,0.5367573011077543,https://sportsbook.draftkings.com/gateway?s=__s__&wpcid=__wpcid__&wpsrc=413&wpcn=ESPN&wpscn=Widget&wpcrn=BetSlipDeepLink&wpscid=__wpscid__&wpcrid=xx&preurl=https%3A%2F%2Fsportsbook.draftkings.com%2Fevent%2F34206865%3Foutcomes%3D0HC84978482P150_3
2026-06-23T16:31:58.281970+00:00,760462,espn:fifa.world,2026-06-24T19:00Z,Bosnia and Herzegovina,Qatar,draftkings,DraftKings,2026-06-23T16:31:58.281970+00:00,totals,Over,over,2.5,-165.0,1.606060606060606,0.6226415094339623,1.0481734243275793,0.5940252776713904,https://sportsbook.draftkings.com/gateway?s=__s__&wpcid=__wpcid__&wpsrc=413&wpcn=ESPN&wpscn=Widget&wpcrn=BetSlipDeepLink&wpscid=__wpscid__&wpcrid=xx&preurl=https%3A%2F%2Fsportsbook.draftkings.com%2Fevent%2F34206865%3Foutcomes%3D0OU84978477O250_1
2026-06-23T16:31:58.281970+00:00,760462,espn:fifa.world,2026-06-24T19:00Z,Bosnia and Herzegovina,Qatar,draftkings,DraftKings,2026-06-23T16:31:58.281970+00:00,totals,Under,under,2.5,135.0,2.35,0.425531914893617,1.0481734243275793,0.4059747223286097,https://sportsbook.draftkings.com/gateway?s=__s__&wpcid=__wpcid__&wpsrc=413&wpcn=ESPN&wpscn=Widget&wpcrn=BetSlipDeepLink&wpscid=__wpscid__&wpcrid=xx&preurl=https%3A%2F%2Fsportsbook.draftkings.com%2Fevent%2F34206865%3Foutcomes%3D0OU84978477U250_3
2026-06-23T16:31:58.281970+00:00,760463,espn:fifa.world,2026-06-24T19:00Z,Switzerland,Canada,draftkings,DraftKings,2026-06-23T16:31:58.281970+00:00,h2h,Switzerland,home_win,,135.0,2.35,0.425531914893617,1.0475184144114569,0.4062285770247772,https://sportsbook.draftkings.com/gateway?s=__s__&wpcid=__wpcid__&wpsrc=413&wpcn=ESPN&wpscn=Widget&wpcrn=BetSlipDeepLink&wpscid=__wpscid__&wpcrid=xx&preurl=https%3A%2F%2Fsportsbook.draftkings.com%2Fevent%2F34206870%3Foutcomes%3D0ML84944369_1
2026-06-23T16:31:58.281970+00:00,760463,espn:fifa.world,2026-06-24T19:00Z,Switzerland,Canada,draftkings,DraftKings,2026-06-23T16:31:58.281970+00:00,h2h,Draw,draw,,205.0,3.05,0.3278688524590164,1.0475184144114569,0.3129957888551563,https://sportsbook.draftkings.com/gateway?s=__s__&wpcid=__wpcid__&wpsrc=413&wpcn=ESPN&wpscn=Widget&wpcrn=BetSlipDeepLink&wpscid=__wpscid__&wpcrid=xx&preurl=https%3A%2F%2Fsportsbook.draftkings.com%2Fevent%2F34206870%3Foutcomes%3D0ML84944369_2
2026-06-23T16:31:58.281970+00:00,760463,espn:fifa.world,2026-06-24T19:00Z,Switzerland,Canada,draftkings,DraftKings,2026-06-23T16:31:58.281970+00:00,h2h,Canada,away_win,,240.0,3.4,0.29411764705882354,1.0475184144114569,0.2807756341200666,https://sportsbook.draftkings.com/gateway?s=__s__&wpcid=__wpcid__&wpsrc=413&wpcn=ESPN&wpscn=Widget&wpcrn=BetSlipDeepLink&wpscid=__wpscid__&wpcrid=xx&preurl=https%3A%2F%2Fsportsbook.draftkings.com%2Fevent%2F34206870%3Foutcomes%3D0ML84944369_3
2026-06-23T16:31:58.281970+00:00,760463,espn:fifa.world,2026-06-24T19:00Z,Switzerland,Canada,draftkings,DraftKings,2026-06-23T16:31:58.281970+00:00,spreads,Switzerland,home_spread,-0.5,125.0,2.25,0.4444444444444444,1.0598290598290598,0.4193548387096774,https://sportsbook.draftkings.com/gateway?s=__s__&wpcid=__wpcid__&wpsrc=413&wpcn=ESPN&wpscn=Widget&wpcrn=BetSlipDeepLink&wpscid=__wpscid__&wpcrid=xx&preurl=https%3A%2F%2Fsportsbook.draftkings.com%2Fevent%2F34206870%3Foutcomes%3D0HC84978526N50_1
2026-06-23T16:31:58.281970+00:00,760463,espn:fifa.world,2026-06-24T19:00Z,Switzerland,Canada,draftkings,DraftKings,2026-06-23T16:31:58.281970+00:00,spreads,Canada,away_spread,0.5,-160.0,1.625,0.6153846153846154,1.0598290598290598,0.5806451612903226,https://sportsbook.draftkings.com/gateway?s=__s__&wpcid=__wpcid__&wpsrc=413&wpcn=ESPN&wpscn=Widget&wpcrn=BetSlipDeepLink&wpscid=__wpscid__&wpcrid=xx&preurl=https%3A%2F%2Fsportsbook.draftkings.com%2Fevent%2F34206870%3Foutcomes%3D0HC84978526P50_3
2026-06-23T16:31:58.281970+00:00,760463,espn:fifa.world,2026-06-24T19:00Z,Switzerland,Canada,draftkings,DraftKings,2026-06-23T16:31:58.281970+00:00,totals,Over,over,2.5,105.0,2.05,0.48780487804878053,1.0530222693531284,0.46324269889224573,https://sportsbook.draftkings.com/gateway?s=__s__&wpcid=__wpcid__&wpsrc=413&wpcn=ESPN&wpscn=Widget&wpcrn=BetSlipDeepLink&wpscid=__wpscid__&wpcrid=xx&preurl=https%3A%2F%2Fsportsbook.draftkings.com%2Fevent%2F34206870%3Foutcomes%3D0OU84978521O250_1
2026-06-23T16:31:58.281970+00:00,760463,espn:fifa.world,2026-06-24T19:00Z,Switzerland,Canada,draftkings,DraftKings,2026-06-23T16:31:58.281970+00:00,totals,Under,under,2.5,-130.0,1.7692307692307692,0.5652173913043479,1.0530222693531284,0.5367573011077543,https://sportsbook.draftkings.com/gateway?s=__s__&wpcid=__wpcid__&wpsrc=413&wpcn=ESPN&wpscn=Widget&wpcrn=BetSlipDeepLink&wpscid=__wpscid__&wpcrid=xx&preurl=https%3A%2F%2Fsportsbook.draftkings.com%2Fevent%2F34206870%3Foutcomes%3D0OU84978521U250_3
2026-06-23T16:31:58.281970+00:00,760464,espn:fifa.world,2026-06-24T22:00Z,Morocco,Haiti,draftkings,DraftKings,2026-06-23T16:31:58.281970+00:00,h2h,Morocco,home_win,,-575.0,1.1739130434782608,0.851851851851852,1.04400871459695,0.8159432387312187,https://sportsbook.draftkings.com/gateway?s=__s__&wpcid=__wpcid__&wpsrc=413&wpcn=ESPN&wpscn=Widget&wpcrn=BetSlipDeepLink&wpscid=__wpscid__&wpcrid=xx&preurl=https%3A%2F%2Fsportsbook.draftkings.com%2Fevent%2F34206872%3Foutcomes%3D0ML84944370_1
2026-06-23T16:31:58.281970+00:00,760464,espn:fifa.world,2026-06-24T22:00Z,Morocco,Haiti,draftkings,DraftKings,2026-06-23T16:31:58.281970+00:00,h2h,Draw,draw,,650.0,7.5,0.13333333333333333,1.04400871459695,0.12771285475792984,https://sportsbook.draftkings.com/gateway?s=__s__&wpcid=__wpcid__&wpsrc=413&wpcn=ESPN&wpscn=Widget&wpcrn=BetSlipDeepLink&wpscid=__wpscid__&wpcrid=xx&preurl=https%3A%2F%2Fsportsbook.draftkings.com%2Fevent%2F34206872%3Foutcomes%3D0ML84944370_2
2026-06-23T16:31:58.281970+00:00,760464,espn:fifa.world,2026-06-24T22:00Z,Morocco,Haiti,draftkings,DraftKings,2026-06-23T16:31:58.281970+00:00,h2h,Haiti,away_win,,1600.0,17.0,0.058823529411764705,1.04400871459695,0.05634390651085141,https://sportsbook.draftkings.com/gateway?s=__s__&wpcid=__wpcid__&wpsrc=413&wpcn=ESPN&wpscn=Widget&wpcrn=BetSlipDeepLink&wpscid=__wpscid__&wpcrid=xx&preurl=https%3A%2F%2Fsportsbook.draftkings.com%2Fevent%2F34206872%3Foutcomes%3D0ML84944370_3
2026-06-23T16:31:58.281970+00:00,760464,espn:fifa.world,2026-06-24T22:00Z,Morocco,Haiti,draftkings,DraftKings,2026-06-23T16:31:58.281970+00:00,spreads,Morocco,home_spread,-2.5,135.0,2.35,0.425531914893617,1.0551615445232465,0.40328603435399557,https://sportsbook.draftkings.com/gateway?s=__s__&wpcid=__wpcid__&wpsrc=413&wpcn=ESPN&wpscn=Widget&wpcrn=BetSlipDeepLink&wpscid=__wpscid__&wpcrid=xx&preurl=https%3A%2F%2Fsportsbook.draftkings.com%2Fevent%2F34206872%3Foutcomes%3D0HC84978552N250_1
2026-06-23T16:31:58.281970+00:00,760464,espn:fifa.world,2026-06-24T22:00Z,Morocco,Haiti,draftkings,DraftKings,2026-06-23T16:31:58.281970+00:00,spreads,Haiti,away_spread,2.5,-170.0,1.5882352941176472,0.6296296296296295,1.0551615445232465,0.5967139656460044,https://sportsbook.draftkings.com/gateway?s=__s__&wpcid=__wpcid__&wpsrc=413&wpcn=ESPN&wpscn=Widget&wpcrn=BetSlipDeepLink&wpscid=__wpscid__&wpcrid=xx&preurl=https%3A%2F%2Fsportsbook.draftkings.com%2Fevent%2F34206872%3Foutcomes%3D0HC84978552P250_3
2026-06-23T16:31:58.281970+00:00,760464,espn:fifa.world,2026-06-24T22:00Z,Morocco,Haiti,draftkings,DraftKings,2026-06-23T16:31:58.281970+00:00,totals,Over,over,3.5,145.0,2.45,0.4081632653061224,1.0510204081632653,0.3883495145631068,https://sportsbook.draftkings.com/gateway?s=__s__&wpcid=__wpcid__&wpsrc=413&wpcn=ESPN&wpscn=Widget&wpcrn=BetSlipDeepLink&wpscid=__wpscid__&wpcrid=xx&preurl=https%3A%2F%2Fsportsbook.draftkings.com%2Fevent%2F34206872%3Foutcomes%3D0OU84978547O350_1
2026-06-23T16:31:58.281970+00:00,760464,espn:fifa.world,2026-06-24T22:00Z,Morocco,Haiti,draftkings,DraftKings,2026-06-23T16:31:58.281970+00:00,totals,Under,under,3.5,-180.0,1.5555555555555556,0.6428571428571428,1.0510204081632653,0.6116504854368932,https://sportsbook.draftkings.com/gateway?s=__s__&wpcid=__wpcid__&wpsrc=413&wpcn=ESPN&wpscn=Widget&wpcrn=BetSlipDeepLink&wpscid=__wpscid__&wpcrid=xx&preurl=https%3A%2F%2Fsportsbook.draftkings.com%2Fevent%2F34206872%3Foutcomes%3D0OU84978547U350_3
2026-06-23T16:31:58.281970+00:00,760465,espn:fifa.world,2026-06-24T22:00Z,Scotland,Brazil,draftkings,DraftKings,2026-06-23T16:31:58.281970+00:00,h2h,Scotland,home_win,,650.0,7.5,0.13333333333333333,1.0421193829644535,0.1279443943879521,https://sportsbook.draftkings.com/gateway?s=__s__&wpcid=__wpcid__&wpsrc=413&wpcn=ESPN&wpscn=Widget&wpcrn=BetSlipDeepLink&wpscid=__wpscid__&wpcrid=xx&preurl=https%3A%2F%2Fsportsbook.draftkings.com%2Fevent%2F34206864%3Foutcomes%3D0ML84944363_1
2026-06-23T16:31:58.281970+00:00,760465,espn:fifa.world,2026-06-24T22:00Z,Scotland,Brazil,draftkings,DraftKings,2026-06-23T16:31:58.281970+00:00,h2h,Draw,draw,,425.0,5.25,0.19047619047619047,1.0421193829644535,0.18277770626850298,https://sportsbook.draftkings.com/gateway?s=__s__&wpcid=__wpcid__&wpsrc=413&wpcn=ESPN&wpscn=Widget&wpcrn=BetSlipDeepLink&wpscid=__wpscid__&wpcrid=xx&preurl=https%3A%2F%2Fsportsbook.draftkings.com%2Fevent%2F34206864%3Foutcomes%3D0ML84944363_2
2026-06-23T16:31:58.281970+00:00,760465,espn:fifa.world,2026-06-24T22:00Z,Scotland,Brazil,draftkings,DraftKings,2026-06-23T16:31:58.281970+00:00,h2h,Brazil,away_win,,-255.0,1.392156862745098,0.7183098591549296,1.0421193829644535,0.6892778993435448,https://sportsbook.draftkings.com/gateway?s=__s__&wpcid=__wpcid__&wpsrc=413&wpcn=ESPN&wpscn=Widget&wpcrn=BetSlipDeepLink&wpscid=__wpscid__&wpcrid=xx&preurl=https%3A%2F%2Fsportsbook.draftkings.com%2Fevent%2F34206864%3Foutcomes%3D0ML84944363_3
2026-06-23T16:31:58.281970+00:00,760465,espn:fifa.world,2026-06-24T22:00Z,Scotland,Brazil,draftkings,DraftKings,2026-06-23T16:31:58.281970+00:00,spreads,Scotland,home_spread,1.5,-130.0,1.7692307692307692,0.5652173913043479,1.065217391304348,0.5306122448979592,https://sportsbook.draftkings.com/gateway?s=__s__&wpcid=__wpcid__&wpsrc=413&wpcn=ESPN&wpscn=Widget&wpcrn=BetSlipDeepLink&wpscid=__wpscid__&wpcrid=xx&preurl=https%3A%2F%2Fsportsbook.draftkings.com%2Fevent%2F34206864%3Foutcomes%3D0HC84978462P150_1
2026-06-23T16:31:58.281970+00:00,760465,espn:fifa.world,2026-06-24T22:00Z,Scotland,Brazil,draftkings,DraftKings,2026-06-23T16:31:58.281970+00:00,spreads,Brazil,away_spread,-1.5,100.0,2.0,0.5,1.065217391304348,0.4693877551020408,https://sportsbook.draftkings.com/gateway?s=__s__&wpcid=__wpcid__&wpsrc=413&wpcn=ESPN&wpscn=Widget&wpcrn=BetSlipDeepLink&wpscid=__wpscid__&wpcrid=xx&preurl=https%3A%2F%2Fsportsbook.draftkings.com%2Fevent%2F34206864%3Foutcomes%3D0HC84978462N150_3
2026-06-23T16:31:58.281970+00:00,760465,espn:fifa.world,2026-06-24T22:00Z,Scotland,Brazil,draftkings,DraftKings,2026-06-23T16:31:58.281970+00:00,totals,Over,over,2.5,-115.0,1.8695652173913042,0.5348837209302326,1.0470788428814521,0.5108342361863489,https://sportsbook.draftkings.com/gateway?s=__s__&wpcid=__wpcid__&wpsrc=413&wpcn=ESPN&wpscn=Widget&wpcrn=BetSlipDeepLink&wpscid=__wpscid__&wpcrid=xx&preurl=https%3A%2F%2Fsportsbook.draftkings.com%2Fevent%2F34206864%3Foutcomes%3D0OU84978457O250_1
2026-06-23T16:31:58.281970+00:00,760465,espn:fifa.world,2026-06-24T22:00Z,Scotland,Brazil,draftkings,DraftKings,2026-06-23T16:31:58.281970+00:00,totals,Under,under,2.5,-105.0,1.9523809523809523,0.5121951219512195,1.0470788428814521,0.4891657638136511,https://sportsbook.draftkings.com/gateway?s=__s__&wpcid=__wpcid__&wpsrc=413&wpcn=ESPN&wpscn=Widget&wpcrn=BetSlipDeepLink&wpscid=__wpscid__&wpcrid=xx&preurl=https%3A%2F%2Fsportsbook.draftkings.com%2Fevent%2F34206864%3Foutcomes%3D0OU84978457U250_3
2026-06-23T16:31:58.281970+00:00,760467,espn:fifa.world,2026-06-25T01:00Z,Czechia,Mexico,draftkings,DraftKings,2026-06-23T16:31:58.281970+00:00,h2h,Czechia,home_win,,270.0,3.7,0.27027027027027023,1.0422056519617495,0.25932527784851195,https://sportsbook.draftkings.com/gateway?s=__s__&wpcid=__wpcid__&wpsrc=413&wpcn=ESPN&wpscn=Widget&wpcrn=BetSlipDeepLink&wpscid=__wpscid__&wpcrid=xx&preurl=https%3A%2F%2Fsportsbook.draftkings.com%2Fevent%2F34206873%3Foutcomes%3D0ML84944372_1
2026-06-23T16:31:58.281970+00:00,760467,espn:fifa.world,2026-06-25T01:00Z,Czechia,Mexico,draftkings,DraftKings,2026-06-23T16:31:58.281970+00:00,h2h,Draw,draw,,285.0,3.85,0.2597402597402597,1.0422056519617495,0.24922169559467383,https://sportsbook.draftkings.com/gateway?s=__s__&wpcid=__wpcid__&wpsrc=413&wpcn=ESPN&wpscn=Widget&wpcrn=BetSlipDeepLink&wpscid=__wpscid__&wpcrid=xx&preurl=https%3A%2F%2Fsportsbook.draftkings.com%2Fevent%2F34206873%3Foutcomes%3D0ML84944372_2
2026-06-23T16:31:58.281970+00:00,760467,espn:fifa.world,2026-06-25T01:00Z,Czechia,Mexico,draftkings,DraftKings,2026-06-23T16:31:58.281970+00:00,h2h,Mexico,away_win,,-105.0,1.9523809523809523,0.5121951219512195,1.0422056519617495,0.49145302655681417,https://sportsbook.draftkings.com/gateway?s=__s__&wpcid=__wpcid__&wpsrc=413&wpcn=ESPN&wpscn=Widget&wpcrn=BetSlipDeepLink&wpscid=__wpscid__&wpcrid=xx&preurl=https%3A%2F%2Fsportsbook.draftkings.com%2Fevent%2F34206873%3Foutcomes%3D0ML84944372_3
2026-06-23T16:31:58.281970+00:00,760467,espn:fifa.world,2026-06-25T01:00Z,Czechia,Mexico,draftkings,DraftKings,2026-06-23T16:31:58.281970+00:00,spreads,Czechia,home_spread,0.5,-115.0,1.8695652173913042,0.5348837209302326,1.0586932447397563,0.5052301255230126,https://sportsbook.draftkings.com/gateway?s=__s__&wpcid=__wpcid__&wpsrc=413&wpcn=ESPN&wpscn=Widget&wpcrn=BetSlipDeepLink&wpscid=__wpscid__&wpcrid=xx&preurl=https%3A%2F%2Fsportsbook.draftkings.com%2Fevent%2F34206873%3Foutcomes%3D0HC84978572P50_1
2026-06-23T16:31:58.281970+00:00,760467,espn:fifa.world,2026-06-25T01:00Z,Czechia,Mexico,draftkings,DraftKings,2026-06-23T16:31:58.281970+00:00,spreads,Mexico,away_spread,-0.5,-110.0,1.9090909090909092,0.5238095238095238,1.0586932447397563,0.4947698744769875,https://sportsbook.draftkings.com/gateway?s=__s__&wpcid=__wpcid__&wpsrc=413&wpcn=ESPN&wpscn=Widget&wpcrn=BetSlipDeepLink&wpscid=__wpscid__&wpcrid=xx&preurl=https%3A%2F%2Fsportsbook.draftkings.com%2Fevent%2F34206873%3Foutcomes%3D0HC84978572N50_3
2026-06-23T16:31:58.281970+00:00,760467,espn:fifa.world,2026-06-25T01:00Z,Czechia,Mexico,draftkings,DraftKings,2026-06-23T16:31:58.281970+00:00,totals,Over,over,2.5,105.0,2.05,0.48780487804878053,1.0530222693531284,0.46324269889224573,https://sportsbook.draftkings.com/gateway?s=__s__&wpcid=__wpcid__&wpsrc=413&wpcn=ESPN&wpscn=Widget&wpcrn=BetSlipDeepLink&wpscid=__wpscid__&wpcrid=xx&preurl=https%3A%2F%2Fsportsbook.draftkings.com%2Fevent%2F34206873%3Foutcomes%3D0OU84978567O250_1
2026-06-23T16:31:58.281970+00:00,760467,espn:fifa.world,2026-06-25T01:00Z,Czechia,Mexico,draftkings,DraftKings,2026-06-23T16:31:58.281970+00:00,totals,Under,under,2.5,-130.0,1.7692307692307692,0.5652173913043479,1.0530222693531284,0.5367573011077543,https://sportsbook.draftkings.com/gateway?s=__s__&wpcid=__wpcid__&wpsrc=413&wpcn=ESPN&wpscn=Widget&wpcrn=BetSlipDeepLink&wpscid=__wpscid__&wpcrid=xx&preurl=https%3A%2F%2Fsportsbook.draftkings.com%2Fevent%2F34206873%3Foutcomes%3D0OU84978567U250_3
2026-06-23T16:31:58.281970+00:00,760466,espn:fifa.world,2026-06-25T01:00Z,South Africa,Korea Republic,draftkings,DraftKings,2026-06-23T16:31:58.281970+00:00,h2h,South Africa,home_win,,400.0,5.0,0.2,1.048246991104134,0.1907947284345048,https://sportsbook.draftkings.com/gateway?s=__s__&wpcid=__wpcid__&wpsrc=413&wpcn=ESPN&wpscn=Widget&wpcrn=BetSlipDeepLink&wpscid=__wpscid__&wpcrid=xx&preurl=https%3A%2F%2Fsportsbook.draftkings.com%2Fevent%2F34206874%3Foutcomes%3D0ML84944375_1
2026-06-23T16:31:58.281970+00:00,760466,espn:fifa.world,2026-06-25T01:00Z,South Africa,Korea Republic,draftkings,DraftKings,2026-06-23T16:31:58.281970+00:00,h2h,Draw,draw,,290.0,3.9,0.25641025641025644,1.048246991104134,0.24460862619808307,https://sportsbook.draftkings.com/gateway?s=__s__&wpcid=__wpcid__&wpsrc=413&wpcn=ESPN&wpscn=Widget&wpcrn=BetSlipDeepLink&wpscid=__wpscid__&wpcrid=xx&preurl=https%3A%2F%2Fsportsbook.draftkings.com%2Fevent%2F34206874%3Foutcomes%3D0ML84944375_2
2026-06-23T16:31:58.281970+00:00,760466,espn:fifa.world,2026-06-25T01:00Z,South Africa,Korea Republic,draftkings,DraftKings,2026-06-23T16:31:58.281970+00:00,h2h,Korea Republic,away_win,,-145.0,1.6896551724137931,0.5918367346938775,1.048246991104134,0.564596645367412,https://sportsbook.draftkings.com/gateway?s=__s__&wpcid=__wpcid__&wpsrc=413&wpcn=ESPN&wpscn=Widget&wpcrn=BetSlipDeepLink&wpscid=__wpscid__&wpcrid=xx&preurl=https%3A%2F%2Fsportsbook.draftkings.com%2Fevent%2F34206874%3Foutcomes%3D0ML84944375_3
2026-06-23T16:31:58.281970+00:00,760466,espn:fifa.world,2026-06-25T01:00Z,South Africa,Korea Republic,draftkings,DraftKings,2026-06-23T16:31:58.281970+00:00,spreads,South Africa,home_spread,0.5,120.0,2.2,0.45454545454545453,1.0623885918003566,0.42785234899328856,https://sportsbook.draftkings.com/gateway?s=__s__&wpcid=__wpcid__&wpsrc=413&wpcn=ESPN&wpscn=Widget&wpcrn=BetSlipDeepLink&wpscid=__wpscid__&wpcrid=xx&preurl=https%3A%2F%2Fsportsbook.draftkings.com%2Fevent%2F34206874%3Foutcomes%3D0HC84978592P50_1
2026-06-23T16:31:58.281970+00:00,760466,espn:fifa.world,2026-06-25T01:00Z,South Africa,Korea Republic,draftkings,DraftKings,2026-06-23T16:31:58.281970+00:00,spreads,Korea Republic,away_spread,-0.5,-155.0,1.6451612903225805,0.607843137254902,1.0623885918003566,0.5721476510067114,https://sportsbook.draftkings.com/gateway?s=__s__&wpcid=__wpcid__&wpsrc=413&wpcn=ESPN&wpscn=Widget&wpcrn=BetSlipDeepLink&wpscid=__wpscid__&wpcrid=xx&preurl=https%3A%2F%2Fsportsbook.draftkings.com%2Fevent%2F34206874%3Foutcomes%3D0HC84978592N50_3
2026-06-23T16:31:58.281970+00:00,760466,espn:fifa.world,2026-06-25T01:00Z,South Africa,Korea Republic,draftkings,DraftKings,2026-06-23T16:31:58.281970+00:00,totals,Over,over,2.5,105.0,2.05,0.48780487804878053,1.0622729631551635,0.45920859794821695,https://sportsbook.draftkings.com/gateway?s=__s__&wpcid=__wpcid__&wpsrc=413&wpcn=ESPN&wpscn=Widget&wpcrn=BetSlipDeepLink&wpscid=__wpscid__&wpcrid=xx&preurl=https%3A%2F%2Fsportsbook.draftkings.com%2Fevent%2F34206874%3Foutcomes%3D0OU84978587O250_1
2026-06-23T16:31:58.281970+00:00,760466,espn:fifa.world,2026-06-25T01:00Z,South Africa,Korea Republic,draftkings,DraftKings,2026-06-23T16:31:58.281970+00:00,totals,Under,under,2.5,-135.0,1.7407407407407407,0.574468085106383,1.0622729631551635,0.5407914020517831,https://sportsbook.draftkings.com/gateway?s=__s__&wpcid=__wpcid__&wpsrc=413&wpcn=ESPN&wpscn=Widget&wpcrn=BetSlipDeepLink&wpscid=__wpscid__&wpcrid=xx&preurl=https%3A%2F%2Fsportsbook.draftkings.com%2Fevent%2F34206874%3Foutcomes%3D0OU84978587U250_3
2026-06-23T16:31:58.281970+00:00,760473,espn:fifa.world,2026-06-25T20:00Z,Curaçao,Côte d'Ivoire,draftkings,DraftKings,2026-06-23T16:31:58.281970+00:00,h2h,Curaçao,home_win,,1700.0,18.0,0.05555555555555555,1.0398692810457517,0.053425518541797605,https://sportsbook.draftkings.com/gateway?s=__s__&wpcid=__wpcid__&wpsrc=413&wpcn=ESPN&wpscn=Widget&wpcrn=BetSlipDeepLink&wpscid=__wpscid__&wpcrid=xx&preurl=https%3A%2F%2Fsportsbook.draftkings.com%2Fevent%2F34206875%3Foutcomes%3D0ML84944376_1
2026-06-23T16:31:58.281970+00:00,760473,espn:fifa.world,2026-06-25T20:00Z,Curaçao,Côte d'Ivoire,draftkings,DraftKings,2026-06-23T16:31:58.281970+00:00,h2h,Draw,draw,,750.0,8.5,0.11764705882352941,1.0398692810457517,0.11313639220615963,https://sportsbook.draftkings.com/gateway?s=__s__&wpcid=__wpcid__&wpsrc=413&wpcn=ESPN&wpscn=Widget&wpcrn=BetSlipDeepLink&wpscid=__wpscid__&wpcrid=xx&preurl=https%3A%2F%2Fsportsbook.draftkings.com%2Fevent%2F34206875%3Foutcomes%3D0ML84944376_2
2026-06-23T16:31:58.281970+00:00,760473,espn:fifa.world,2026-06-25T20:00Z,Curaçao,Côte d'Ivoire,draftkings,DraftKings,2026-06-23T16:31:58.281970+00:00,h2h,Côte d'Ivoire,away_win,,-650.0,1.1538461538461537,0.8666666666666667,1.0398692810457517,0.8334380892520427,https://sportsbook.draftkings.com/gateway?s=__s__&wpcid=__wpcid__&wpsrc=413&wpcn=ESPN&wpscn=Widget&wpcrn=BetSlipDeepLink&wpscid=__wpscid__&wpcrid=xx&preurl=https%3A%2F%2Fsportsbook.draftkings.com%2Fevent%2F34206875%3Foutcomes%3D0ML84944376_3
2026-06-23T16:31:58.281970+00:00,760473,espn:fifa.world,2026-06-25T20:00Z,Curaçao,Côte d'Ivoire,draftkings,DraftKings,2026-06-23T16:31:58.281970+00:00,spreads,Curaçao,home_spread,2.5,-160.0,1.625,0.6153846153846154,1.0598290598290598,0.5806451612903226,https://sportsbook.draftkings.com/gateway?s=__s__&wpcid=__wpcid__&wpsrc=413&wpcn=ESPN&wpscn=Widget&wpcrn=BetSlipDeepLink&wpscid=__wpscid__&wpcrid=xx&preurl=https%3A%2F%2Fsportsbook.draftkings.com%2Fevent%2F34206875%3Foutcomes%3D0HC84944709P250_1
2026-06-23T16:31:58.281970+00:00,760473,espn:fifa.world,2026-06-25T20:00Z,Curaçao,Côte d'Ivoire,draftkings,DraftKings,2026-06-23T16:31:58.281970+00:00,spreads,Côte d'Ivoire,away_spread,-2.5,125.0,2.25,0.4444444444444444,1.0598290598290598,0.4193548387096774,https://sportsbook.draftkings.com/gateway?s=__s__&wpcid=__wpcid__&wpsrc=413&wpcn=ESPN&wpscn=Widget&wpcrn=BetSlipDeepLink&wpscid=__wpscid__&wpcrid=xx&preurl=https%3A%2F%2Fsportsbook.draftkings.com%2Fevent%2F34206875%3Foutcomes%3D0HC84944709N250_3
2026-06-23T16:31:58.281970+00:00,760473,espn:fifa.world,2026-06-25T20:00Z,Curaçao,Côte d'Ivoire,draftkings,DraftKings,2026-06-23T16:31:58.281970+00:00,totals,Over,over,3.5,130.0,2.3,0.4347826086956522,1.0501672240802677,0.41401273885350315,https://sportsbook.draftkings.com/gateway?s=__s__&wpcid=__wpcid__&wpsrc=413&wpcn=ESPN&wpscn=Widget&wpcrn=BetSlipDeepLink&wpscid=__wpscid__&wpcrid=xx&preurl=https%3A%2F%2Fsportsbook.draftkings.com%2Fevent%2F34206875%3Foutcomes%3D0OU84944704O350_1
2026-06-23T16:31:58.281970+00:00,760473,espn:fifa.world,2026-06-25T20:00Z,Curaçao,Côte d'Ivoire,draftkings,DraftKings,2026-06-23T16:31:58.281970+00:00,totals,Under,under,3.5,-160.0,1.625,0.6153846153846154,1.0501672240802677,0.5859872611464968,https://sportsbook.draftkings.com/gateway?s=__s__&wpcid=__wpcid__&wpsrc=413&wpcn=ESPN&wpscn=Widget&wpcrn=BetSlipDeepLink&wpscid=__wpscid__&wpcrid=xx&preurl=https%3A%2F%2Fsportsbook.draftkings.com%2Fevent%2F34206875%3Foutcomes%3D0OU84944704U350_3
2026-06-23T16:31:58.281970+00:00,760468,espn:fifa.world,2026-06-25T20:00Z,Ecuador,Germany,draftkings,DraftKings,2026-06-23T16:31:58.281970+00:00,h2h,Ecuador,home_win,,265.0,3.65,0.273972602739726,1.04168456557364,0.2630091793563759,https://sportsbook.draftkings.com/gateway?s=__s__&wpcid=__wpcid__&wpsrc=413&wpcn=ESPN&wpscn=Widget&wpcrn=BetSlipDeepLink&wpscid=__wpscid__&wpcrid=xx&preurl=https%3A%2F%2Fsportsbook.draftkings.com%2Fevent%2F34206876%3Foutcomes%3D0ML84944378_1
2026-06-23T16:31:58.281970+00:00,760468,espn:fifa.world,2026-06-25T20:00Z,Ecuador,Germany,draftkings,DraftKings,2026-06-23T16:31:58.281970+00:00,h2h,Draw,draw,,310.0,4.1,0.24390243902439027,1.04168456557364,0.23414231820750542,https://sportsbook.draftkings.com/gateway?s=__s__&wpcid=__wpcid__&wpsrc=413&wpcn=ESPN&wpscn=Widget&wpcrn=BetSlipDeepLink&wpscid=__wpscid__&wpcrid=xx&preurl=https%3A%2F%2Fsportsbook.draftkings.com%2Fevent%2F34206876%3Foutcomes%3D0ML84944378_2
2026-06-23T16:31:58.281970+00:00,760468,espn:fifa.world,2026-06-25T20:00Z,Ecuador,Germany,draftkings,DraftKings,2026-06-23T16:31:58.281970+00:00,h2h,Germany,away_win,,-110.0,1.9090909090909092,0.5238095238095238,1.04168456557364,0.5028485024361188,https://sportsbook.draftkings.com/gateway?s=__s__&wpcid=__wpcid__&wpsrc=413&wpcn=ESPN&wpscn=Widget&wpcrn=BetSlipDeepLink&wpscid=__wpscid__&wpcrid=xx&preurl=https%3A%2F%2Fsportsbook.draftkings.com%2Fevent%2F34206876%3Foutcomes%3D0ML84944378_3
2026-06-23T16:31:58.281970+00:00,760468,espn:fifa.world,2026-06-25T20:00Z,Ecuador,Germany,draftkings,DraftKings,2026-06-23T16:31:58.281970+00:00,spreads,Ecuador,home_spread,0.5,-110.0,1.9090909090909092,0.5238095238095238,1.0586932447397563,0.4947698744769875,https://sportsbook.draftkings.com/gateway?s=__s__&wpcid=__wpcid__&wpsrc=413&wpcn=ESPN&wpscn=Widget&wpcrn=BetSlipDeepLink&wpscid=__wpscid__&wpcrid=xx&preurl=https%3A%2F%2Fsportsbook.draftkings.com%2Fevent%2F34206876%3Foutcomes%3D0HC84944909P50_1
2026-06-23T16:31:58.281970+00:00,760468,espn:fifa.world,2026-06-25T20:00Z,Ecuador,Germany,draftkings,DraftKings,2026-06-23T16:31:58.281970+00:00,spreads,Germany,away_spread,-0.5,-115.0,1.8695652173913042,0.5348837209302326,1.0586932447397563,0.5052301255230126,https://sportsbook.draftkings.com/gateway?s=__s__&wpcid=__wpcid__&wpsrc=413&wpcn=ESPN&wpscn=Widget&wpcrn=BetSlipDeepLink&wpscid=__wpscid__&wpcrid=xx&preurl=https%3A%2F%2Fsportsbook.draftkings.com%2Fevent%2F34206876%3Foutcomes%3D0HC84944909N50_3
2026-06-23T16:31:58.281970+00:00,760468,espn:fifa.world,2026-06-25T20:00Z,Ecuador,Germany,draftkings,DraftKings,2026-06-23T16:31:58.281970+00:00,totals,Over,over,2.5,-135.0,1.7407407407407407,0.574468085106383,1.0622729631551635,0.5407914020517831,https://sportsbook.draftkings.com/gateway?s=__s__&wpcid=__wpcid__&wpsrc=413&wpcn=ESPN&wpscn=Widget&wpcrn=BetSlipDeepLink&wpscid=__wpscid__&wpcrid=xx&preurl=https%3A%2F%2Fsportsbook.draftkings.com%2Fevent%2F34206876%3Foutcomes%3D0OU84944904O250_1
2026-06-23T16:31:58.281970+00:00,760468,espn:fifa.world,2026-06-25T20:00Z,Ecuador,Germany,draftkings,DraftKings,2026-06-23T16:31:58.281970+00:00,totals,Under,under,2.5,105.0,2.05,0.48780487804878053,1.0622729631551635,0.45920859794821695,https://sportsbook.draftkings.com/gateway?s=__s__&wpcid=__wpcid__&wpsrc=413&wpcn=ESPN&wpscn=Widget&wpcrn=BetSlipDeepLink&wpscid=__wpscid__&wpcrid=xx&preurl=https%3A%2F%2Fsportsbook.draftkings.com%2Fevent%2F34206876%3Foutcomes%3D0OU84944904U250_3
2026-06-23T16:31:58.281970+00:00,760471,espn:fifa.world,2026-06-25T23:00Z,Japan,Sweden,draftkings,DraftKings,2026-06-23T16:31:58.281970+00:00,h2h,Japan,home_win,,-110.0,1.9090909090909092,0.5238095238095238,1.0420819490586932,0.5026567481402764,https://sportsbook.draftkings.com/gateway?s=__s__&wpcid=__wpcid__&wpsrc=413&wpcn=ESPN&wpscn=Widget&wpcrn=BetSlipDeepLink&wpscid=__wpscid__&wpcrid=xx&preurl=https%3A%2F%2Fsportsbook.draftkings.com%2Fevent%2F34206877%3Foutcomes%3D0ML84944373_1
2026-06-23T16:31:58.281970+00:00,760471,espn:fifa.world,2026-06-25T23:00Z,Japan,Sweden,draftkings,DraftKings,2026-06-23T16:31:58.281970+00:00,h2h,Draw,draw,,250.0,3.5,0.2857142857142857,1.0420819490586932,0.27417640807651433,https://sportsbook.draftkings.com/gateway?s=__s__&wpcid=__wpcid__&wpsrc=413&wpcn=ESPN&wpscn=Widget&wpcrn=BetSlipDeepLink&wpscid=__wpscid__&wpcrid=xx&preurl=https%3A%2F%2Fsportsbook.draftkings.com%2Fevent%2F34206877%3Foutcomes%3D0ML84944373_2
2026-06-23T16:31:58.281970+00:00,760471,espn:fifa.world,2026-06-25T23:00Z,Japan,Sweden,draftkings,DraftKings,2026-06-23T16:31:58.281970+00:00,h2h,Sweden,away_win,,330.0,4.3,0.23255813953488372,1.0420819490586932,0.22316684378320936,https://sportsbook.draftkings.com/gateway?s=__s__&wpcid=__wpcid__&wpsrc=413&wpcn=ESPN&wpscn=Widget&wpcrn=BetSlipDeepLink&wpscid=__wpscid__&wpcrid=xx&preurl=https%3A%2F%2Fsportsbook.draftkings.com%2Fevent%2F34206877%3Foutcomes%3D0ML84944373_3
2026-06-23T16:31:58.281970+00:00,760471,espn:fifa.world,2026-06-25T23:00Z,Japan,Sweden,draftkings,DraftKings,2026-06-23T16:31:58.281970+00:00,spreads,Japan,home_spread,-0.5,-115.0,1.8695652173913042,0.5348837209302326,1.0586932447397563,0.5052301255230126,https://sportsbook.draftkings.com/gateway?s=__s__&wpcid=__wpcid__&wpsrc=413&wpcn=ESPN&wpscn=Widget&wpcrn=BetSlipDeepLink&wpscid=__wpscid__&wpcrid=xx&preurl=https%3A%2F%2Fsportsbook.draftkings.com%2Fevent%2F34206877%3Foutcomes%3D0HC84944820N50_1
2026-06-23T16:31:58.281970+00:00,760471,espn:fifa.world,2026-06-25T23:00Z,Japan,Sweden,draftkings,DraftKings,2026-06-23T16:31:58.281970+00:00,spreads,Sweden,away_spread,0.5,-110.0,1.9090909090909092,0.5238095238095238,1.0586932447397563,0.4947698744769875,https://sportsbook.draftkings.com/gateway?s=__s__&wpcid=__wpcid__&wpsrc=413&wpcn=ESPN&wpscn=Widget&wpcrn=BetSlipDeepLink&wpscid=__wpscid__&wpcrid=xx&preurl=https%3A%2F%2Fsportsbook.draftkings.com%2Fevent%2F34206877%3Foutcomes%3D0HC84944820P50_3
2026-06-23T16:31:58.281970+00:00,760471,espn:fifa.world,2026-06-25T23:00Z,Japan,Sweden,draftkings,DraftKings,2026-06-23T16:31:58.281970+00:00,totals,Over,over,2.5,-125.0,1.8,0.5555555555555556,1.043360433604336,0.5324675324675325,https://sportsbook.draftkings.com/gateway?s=__s__&wpcid=__wpcid__&wpsrc=413&wpcn=ESPN&wpscn=Widget&wpcrn=BetSlipDeepLink&wpscid=__wpscid__&wpcrid=xx&preurl=https%3A%2F%2Fsportsbook.draftkings.com%2Fevent%2F34206877%3Foutcomes%3D0OU84944810O250_1
2026-06-23T16:31:58.281970+00:00,760471,espn:fifa.world,2026-06-25T23:00Z,Japan,Sweden,draftkings,DraftKings,2026-06-23T16:31:58.281970+00:00,totals,Under,under,2.5,105.0,2.05,0.48780487804878053,1.043360433604336,0.4675324675324676,https://sportsbook.draftkings.com/gateway?s=__s__&wpcid=__wpcid__&wpsrc=413&wpcn=ESPN&wpscn=Widget&wpcrn=BetSlipDeepLink&wpscid=__wpscid__&wpcrid=xx&preurl=https%3A%2F%2Fsportsbook.draftkings.com%2Fevent%2F34206877%3Foutcomes%3D0OU84944810U250_3
2026-06-23T16:31:58.281970+00:00,760472,espn:fifa.world,2026-06-25T23:00Z,Tunisia,Netherlands,draftkings,DraftKings,2026-06-23T16:31:58.281970+00:00,h2h,Tunisia,home_win,,1900.0,20.0,0.05,1.0434640522875815,0.047917319135609156,https://sportsbook.draftkings.com/gateway?s=__s__&wpcid=__wpcid__&wpsrc=413&wpcn=ESPN&wpscn=Widget&wpcrn=BetSlipDeepLink&wpscid=__wpscid__&wpcrid=xx&preurl=https%3A%2F%2Fsportsbook.draftkings.com%2Fevent%2F34206878%3Foutcomes%3D0ML84944374_1
2026-06-23T16:31:58.281970+00:00,760472,espn:fifa.world,2026-06-25T23:00Z,Tunisia,Netherlands,draftkings,DraftKings,2026-06-23T16:31:58.281970+00:00,h2h,Draw,draw,,800.0,9.0,0.1111111111111111,1.0434640522875815,0.10648293141246477,https://sportsbook.draftkings.com/gateway?s=__s__&wpcid=__wpcid__&wpsrc=413&wpcn=ESPN&wpscn=Widget&wpcrn=BetSlipDeepLink&wpscid=__wpscid__&wpcrid=xx&preurl=https%3A%2F%2Fsportsbook.draftkings.com%2Fevent%2F34206878%3Foutcomes%3D0ML84944374_2
2026-06-23T16:31:58.281970+00:00,760472,espn:fifa.world,2026-06-25T23:00Z,Tunisia,Netherlands,draftkings,DraftKings,2026-06-23T16:31:58.281970+00:00,h2h,Netherlands,away_win,,-750.0,1.1333333333333333,0.8823529411764706,1.0434640522875815,0.8455997494519262,https://sportsbook.draftkings.com/gateway?s=__s__&wpcid=__wpcid__&wpsrc=413&wpcn=ESPN&wpscn=Widget&wpcrn=BetSlipDeepLink&wpscid=__wpscid__&wpcrid=xx&preurl=https%3A%2F%2Fsportsbook.draftkings.com%2Fevent%2F34206878%3Foutcomes%3D0ML84944374_3
2026-06-23T16:31:58.281970+00:00,760472,espn:fifa.world,2026-06-25T23:00Z,Tunisia,Netherlands,draftkings,DraftKings,2026-06-23T16:31:58.281970+00:00,spreads,Tunisia,home_spread,2.5,-135.0,1.7407407407407407,0.574468085106383,1.050658561296859,0.5467695274831245,https://sportsbook.draftkings.com/gateway?s=__s__&wpcid=__wpcid__&wpsrc=413&wpcn=ESPN&wpscn=Widget&wpcrn=BetSlipDeepLink&wpscid=__wpscid__&wpcrid=xx&preurl=https%3A%2F%2Fsportsbook.draftkings.com%2Fevent%2F34206878%3Foutcomes%3D0HC84944634P250_1
2026-06-23T16:31:58.281970+00:00,760472,espn:fifa.world,2026-06-25T23:00Z,Tunisia,Netherlands,draftkings,DraftKings,2026-06-23T16:31:58.281970+00:00,spreads,Netherlands,away_spread,-2.5,110.0,2.1,0.47619047619047616,1.050658561296859,0.4532304725168756,https://sportsbook.draftkings.com/gateway?s=__s__&wpcid=__wpcid__&wpsrc=413&wpcn=ESPN&wpscn=Widget&wpcrn=BetSlipDeepLink&wpscid=__wpscid__&wpcrid=xx&preurl=https%3A%2F%2Fsportsbook.draftkings.com%2Fevent%2F34206878%3Foutcomes%3D0HC84944634N250_3
2026-06-23T16:31:58.281970+00:00,760472,espn:fifa.world,2026-06-25T23:00Z,Tunisia,Netherlands,draftkings,DraftKings,2026-06-23T16:31:58.281970+00:00,totals,Over,over,3.5,115.0,2.15,0.46511627906976744,1.056953013763645,0.4400538841490795,https://sportsbook.draftkings.com/gateway?s=__s__&wpcid=__wpcid__&wpsrc=413&wpcn=ESPN&wpscn=Widget&wpcrn=BetSlipDeepLink&wpscid=__wpscid__&wpcrid=xx&preurl=https%3A%2F%2Fsportsbook.draftkings.com%2Fevent%2F34206878%3Foutcomes%3D0OU84944629O350_1
2026-06-23T16:31:58.281970+00:00,760472,espn:fifa.world,2026-06-25T23:00Z,Tunisia,Netherlands,draftkings,DraftKings,2026-06-23T16:31:58.281970+00:00,totals,Under,under,3.5,-145.0,1.6896551724137931,0.5918367346938775,1.056953013763645,0.5599461158509206,https://sportsbook.draftkings.com/gateway?s=__s__&wpcid=__wpcid__&wpsrc=413&wpcn=ESPN&wpscn=Widget&wpcrn=BetSlipDeepLink&wpscid=__wpscid__&wpcrid=xx&preurl=https%3A%2F%2Fsportsbook.draftkings.com%2Fevent%2F34206878%3Foutcomes%3D0OU84944629U350_3
2026-06-23T16:31:58.281970+00:00,760469,espn:fifa.world,2026-06-26T02:00Z,Paraguay,Australia,draftkings,DraftKings,2026-06-23T16:31:58.281970+00:00,h2h,Paraguay,home_win,,195.0,2.95,0.3389830508474576,1.0466930623549375,0.3238609894717227,https://sportsbook.draftkings.com/gateway?s=__s__&wpcid=__wpcid__&wpsrc=413&wpcn=ESPN&wpscn=Widget&wpcrn=BetSlipDeepLink&wpscid=__wpscid__&wpcrid=xx&preurl=https%3A%2F%2Fsportsbook.draftkings.com%2Fevent%2F34206879%3Foutcomes%3D0ML84944381_1
2026-06-23T16:31:58.281970+00:00,760469,espn:fifa.world,2026-06-26T02:00Z,Paraguay,Australia,draftkings,DraftKings,2026-06-23T16:31:58.281970+00:00,h2h,Draw,draw,,120.0,2.2,0.45454545454545453,1.0466930623549375,0.43426814497344635,https://sportsbook.draftkings.com/gateway?s=__s__&wpcid=__wpcid__&wpsrc=413&wpcn=ESPN&wpscn=Widget&wpcrn=BetSlipDeepLink&wpscid=__wpscid__&wpcrid=xx&preurl=https%3A%2F%2Fsportsbook.draftkings.com%2Fevent%2F34206879%3Foutcomes%3D0ML84944381_2
2026-06-23T16:31:58.281970+00:00,760469,espn:fifa.world,2026-06-26T02:00Z,Paraguay,Australia,draftkings,DraftKings,2026-06-23T16:31:58.281970+00:00,h2h,Australia,away_win,,295.0,3.95,0.2531645569620253,1.0466930623549375,0.24187086555483084,https://sportsbook.draftkings.com/gateway?s=__s__&wpcid=__wpcid__&wpsrc=413&wpcn=ESPN&wpscn=Widget&wpcrn=BetSlipDeepLink&wpscid=__wpscid__&wpcrid=xx&preurl=https%3A%2F%2Fsportsbook.draftkings.com%2Fevent%2F34206879%3Foutcomes%3D0ML84944381_3
2026-06-23T16:31:58.281970+00:00,760469,espn:fifa.world,2026-06-26T02:00Z,Paraguay,Australia,draftkings,DraftKings,2026-06-23T16:31:58.281970+00:00,spreads,Paraguay,home_spread,-0.5,180.0,2.8,0.35714285714285715,1.0541125541125542,0.3388090349075975,https://sportsbook.draftkings.com/gateway?s=__s__&wpcid=__wpcid__&wpsrc=413&wpcn=ESPN&wpscn=Widget&wpcrn=BetSlipDeepLink&wpscid=__wpscid__&wpcrid=xx&preurl=https%3A%2F%2Fsportsbook.draftkings.com%2Fevent%2F34206879%3Foutcomes%3D0HC84944559N50_1
2026-06-23T16:31:58.281970+00:00,760469,espn:fifa.world,2026-06-26T02:00Z,Paraguay,Australia,draftkings,DraftKings,2026-06-23T16:31:58.281970+00:00,spreads,Australia,away_spread,0.5,-230.0,1.434782608695652,0.696969696969697,1.0541125541125542,0.6611909650924025,https://sportsbook.draftkings.com/gateway?s=__s__&wpcid=__wpcid__&wpsrc=413&wpcn=ESPN&wpscn=Widget&wpcrn=BetSlipDeepLink&wpscid=__wpscid__&wpcrid=xx&preurl=https%3A%2F%2Fsportsbook.draftkings.com%2Fevent%2F34206879%3Foutcomes%3D0HC84944559P50_3
2026-06-23T16:31:58.281970+00:00,760469,espn:fifa.world,2026-06-26T02:00Z,Paraguay,Australia,draftkings,DraftKings,2026-06-23T16:31:58.281970+00:00,totals,Over,over,1.5,-160.0,1.625,0.6153846153846154,1.0598290598290598,0.5806451612903226,https://sportsbook.draftkings.com/gateway?s=__s__&wpcid=__wpcid__&wpsrc=413&wpcn=ESPN&wpscn=Widget&wpcrn=BetSlipDeepLink&wpscid=__wpscid__&wpcrid=xx&preurl=https%3A%2F%2Fsportsbook.draftkings.com%2Fevent%2F34206879%3Foutcomes%3D0OU84944554O150_1
2026-06-23T16:31:58.281970+00:00,760469,espn:fifa.world,2026-06-26T02:00Z,Paraguay,Australia,draftkings,DraftKings,2026-06-23T16:31:58.281970+00:00,totals,Under,under,1.5,125.0,2.25,0.4444444444444444,1.0598290598290598,0.4193548387096774,https://sportsbook.draftkings.com/gateway?s=__s__&wpcid=__wpcid__&wpsrc=413&wpcn=ESPN&wpscn=Widget&wpcrn=BetSlipDeepLink&wpscid=__wpscid__&wpcrid=xx&preurl=https%3A%2F%2Fsportsbook.draftkings.com%2Fevent%2F34206879%3Foutcomes%3D0OU84944554U150_3
2026-06-23T16:31:58.281970+00:00,760470,espn:fifa.world,2026-06-26T02:00Z,Türkiye,USA,draftkings,DraftKings,2026-06-23T16:31:58.281970+00:00,h2h,Türkiye,home_win,,255.0,3.55,0.28169014084507044,1.04388526279629,0.269847799259564,https://sportsbook.draftkings.com/gateway?s=__s__&wpcid=__wpcid__&wpsrc=413&wpcn=ESPN&wpscn=Widget&wpcrn=BetSlipDeepLink&wpscid=__wpscid__&wpcrid=xx&preurl=https%3A%2F%2Fsportsbook.draftkings.com%2Fevent%2F34206880%3Foutcomes%3D0ML84944377_1
2026-06-23T16:31:58.281970+00:00,760470,espn:fifa.world,2026-06-26T02:00Z,Türkiye,USA,draftkings,DraftKings,2026-06-23T16:31:58.281970+00:00,h2h,Draw,draw,,300.0,4.0,0.25,1.04388526279629,0.239489921842863,https://sportsbook.draftkings.com/gateway?s=__s__&wpcid=__wpcid__&wpsrc=413&wpcn=ESPN&wpscn=Widget&wpcrn=BetSlipDeepLink&wpscid=__wpscid__&wpcrid=xx&preurl=https%3A%2F%2Fsportsbook.draftkings.com%2Fevent%2F34206880%3Foutcomes%3D0ML84944377_2
2026-06-23T16:31:58.281970+00:00,760470,espn:fifa.world,2026-06-26T02:00Z,Türkiye,USA,draftkings,DraftKings,2026-06-23T16:31:58.281970+00:00,h2h,USA,away_win,,-105.0,1.9523809523809523,0.5121951219512195,1.04388526279629,0.49066227889757297,https://sportsbook.draftkings.com/gateway?s=__s__&wpcid=__wpcid__&wpsrc=413&wpcn=ESPN&wpscn=Widget&wpcrn=BetSlipDeepLink&wpscid=__wpscid__&wpcrid=xx&preurl=https%3A%2F%2Fsportsbook.draftkings.com%2Fevent%2F34206880%3Foutcomes%3D0ML84944377_3
2026-06-23T16:31:58.281970+00:00,760470,espn:fifa.world,2026-06-26T02:00Z,Türkiye,USA,draftkings,DraftKings,2026-06-23T16:31:58.281970+00:00,spreads,Türkiye,home_spread,0.5,-115.0,1.8695652173913042,0.5348837209302326,1.0586932447397563,0.5052301255230126,https://sportsbook.draftkings.com/gateway?s=__s__&wpcid=__wpcid__&wpsrc=413&wpcn=ESPN&wpscn=Widget&wpcrn=BetSlipDeepLink&wpscid=__wpscid__&wpcrid=xx&preurl=https%3A%2F%2Fsportsbook.draftkings.com%2Fevent%2F34206880%3Foutcomes%3D0HC84944684P50_1
2026-06-23T16:31:58.281970+00:00,760470,espn:fifa.world,2026-06-26T02:00Z,Türkiye,USA,draftkings,DraftKings,2026-06-23T16:31:58.281970+00:00,spreads,USA,away_spread,-0.5,-110.0,1.9090909090909092,0.5238095238095238,1.0586932447397563,0.4947698744769875,https://sportsbook.draftkings.com/gateway?s=__s__&wpcid=__wpcid__&wpsrc=413&wpcn=ESPN&wpscn=Widget&wpcrn=BetSlipDeepLink&wpscid=__wpscid__&wpcrid=xx&preurl=https%3A%2F%2Fsportsbook.draftkings.com%2Fevent%2F34206880%3Foutcomes%3D0HC84944684N50_3
2026-06-23T16:31:58.281970+00:00,760470,espn:fifa.world,2026-06-26T02:00Z,Türkiye,USA,draftkings,DraftKings,2026-06-23T16:31:58.281970+00:00,totals,Over,over,2.5,-140.0,1.7142857142857144,0.5833333333333333,1.0595238095238093,0.550561797752809,https://sportsbook.draftkings.com/gateway?s=__s__&wpcid=__wpcid__&wpsrc=413&wpcn=ESPN&wpscn=Widget&wpcrn=BetSlipDeepLink&wpscid=__wpscid__&wpcrid=xx&preurl=https%3A%2F%2Fsportsbook.draftkings.com%2Fevent%2F34206880%3Foutcomes%3D0OU84944679O250_1
2026-06-23T16:31:58.281970+00:00,760470,espn:fifa.world,2026-06-26T02:00Z,Türkiye,USA,draftkings,DraftKings,2026-06-23T16:31:58.281970+00:00,totals,Under,under,2.5,110.0,2.1,0.47619047619047616,1.0595238095238093,0.44943820224719105,https://sportsbook.draftkings.com/gateway?s=__s__&wpcid=__wpcid__&wpsrc=413&wpcn=ESPN&wpscn=Widget&wpcrn=BetSlipDeepLink&wpscid=__wpscid__&wpcrid=xx&preurl=https%3A%2F%2Fsportsbook.draftkings.com%2Fevent%2F34206880%3Foutcomes%3D0OU84944679U250_3
2026-06-23T16:31:58.281970+00:00,760475,espn:fifa.world,2026-06-26T19:00Z,Norway,France,draftkings,DraftKings,2026-06-23T16:31:58.281970+00:00,h2h,Norway,home_win,,400.0,5.0,0.2,1.0479427549194993,0.19085011949470806,https://sportsbook.draftkings.com/gateway?s=__s__&wpcid=__wpcid__&wpsrc=413&wpcn=ESPN&wpscn=Widget&wpcrn=BetSlipDeepLink&wpscid=__wpscid__&wpcrid=xx&preurl=https%3A%2F%2Fsportsbook.draftkings.com%2Fevent%2F34206882%3Foutcomes%3D0ML84944379_1
2026-06-23T16:31:58.281970+00:00,760475,espn:fifa.world,2026-06-26T19:00Z,Norway,France,draftkings,DraftKings,2026-06-23T16:31:58.281970+00:00,h2h,Draw,draw,,330.0,4.3,0.23255813953488372,1.0479427549194993,0.22191874359849775,https://sportsbook.draftkings.com/gateway?s=__s__&wpcid=__wpcid__&wpsrc=413&wpcn=ESPN&wpscn=Widget&wpcrn=BetSlipDeepLink&wpscid=__wpscid__&wpcrid=xx&preurl=https%3A%2F%2Fsportsbook.draftkings.com%2Fevent%2F34206882%3Foutcomes%3D0ML84944379_2
2026-06-23T16:31:58.281970+00:00,760475,espn:fifa.world,2026-06-26T19:00Z,Norway,France,draftkings,DraftKings,2026-06-23T16:31:58.281970+00:00,h2h,France,away_win,,-160.0,1.625,0.6153846153846154,1.0479427549194993,0.5872311369067941,https://sportsbook.draftkings.com/gateway?s=__s__&wpcid=__wpcid__&wpsrc=413&wpcn=ESPN&wpscn=Widget&wpcrn=BetSlipDeepLink&wpscid=__wpscid__&wpcrid=xx&preurl=https%3A%2F%2Fsportsbook.draftkings.com%2Fevent%2F34206882%3Foutcomes%3D0ML84944379_3
2026-06-23T16:31:58.281970+00:00,760475,espn:fifa.world,2026-06-26T19:00Z,Norway,France,draftkings,DraftKings,2026-06-23T16:31:58.281970+00:00,spreads,Norway,home_spread,0.5,135.0,2.35,0.425531914893617,1.0551615445232465,0.40328603435399557,https://sportsbook.draftkings.com/gateway?s=__s__&wpcid=__wpcid__&wpsrc=413&wpcn=ESPN&wpscn=Widget&wpcrn=BetSlipDeepLink&wpscid=__wpscid__&wpcrid=xx&preurl=https%3A%2F%2Fsportsbook.draftkings.com%2Fevent%2F34206882%3Foutcomes%3D0HC84944817P50_1
2026-06-23T16:31:58.281970+00:00,760475,espn:fifa.world,2026-06-26T19:00Z,Norway,France,draftkings,DraftKings,2026-06-23T16:31:58.281970+00:00,spreads,France,away_spread,-0.5,-170.0,1.5882352941176472,0.6296296296296295,1.0551615445232465,0.5967139656460044,https://sportsbook.draftkings.com/gateway?s=__s__&wpcid=__wpcid__&wpsrc=413&wpcn=ESPN&wpscn=Widget&wpcrn=BetSlipDeepLink&wpscid=__wpscid__&wpcrid=xx&preurl=https%3A%2F%2Fsportsbook.draftkings.com%2Fevent%2F34206882%3Foutcomes%3D0HC84944817N50_3
2026-06-23T16:31:58.281970+00:00,760475,espn:fifa.world,2026-06-26T19:00Z,Norway,France,draftkings,DraftKings,2026-06-23T16:31:58.281970+00:00,totals,Over,over,2.5,-150.0,1.6666666666666665,0.6000000000000001,1.0545454545454547,0.5689655172413793,https://sportsbook.draftkings.com/gateway?s=__s__&wpcid=__wpcid__&wpsrc=413&wpcn=ESPN&wpscn=Widget&wpcrn=BetSlipDeepLink&wpscid=__wpscid__&wpcrid=xx&preurl=https%3A%2F%2Fsportsbook.draftkings.com%2Fevent%2F34206882%3Foutcomes%3D0OU84944806O250_1
2026-06-23T16:31:58.281970+00:00,760475,espn:fifa.world,2026-06-26T19:00Z,Norway,France,draftkings,DraftKings,2026-06-23T16:31:58.281970+00:00,totals,Under,under,2.5,120.0,2.2,0.45454545454545453,1.0545454545454547,0.4310344827586206,https://sportsbook.draftkings.com/gateway?s=__s__&wpcid=__wpcid__&wpsrc=413&wpcn=ESPN&wpscn=Widget&wpcrn=BetSlipDeepLink&wpscid=__wpscid__&wpcrid=xx&preurl=https%3A%2F%2Fsportsbook.draftkings.com%2Fevent%2F34206882%3Foutcomes%3D0OU84944806U250_3
2026-06-23T16:31:58.281970+00:00,760474,espn:fifa.world,2026-06-26T19:00Z,Senegal,Iraq,draftkings,DraftKings,2026-06-23T16:31:58.281970+00:00,h2h,Senegal,home_win,,-425.0,1.2352941176470589,0.8095238095238095,1.0467032967032968,0.773403324584427,https://sportsbook.draftkings.com/gateway?s=__s__&wpcid=__wpcid__&wpsrc=413&wpcn=ESPN&wpscn=Widget&wpcrn=BetSlipDeepLink&wpscid=__wpscid__&wpcrid=xx&preurl=https%3A%2F%2Fsportsbook.draftkings.com%2Fevent%2F34206881%3Foutcomes%3D0ML84944384_1
2026-06-23T16:31:58.281970+00:00,760474,espn:fifa.world,2026-06-26T19:00Z,Senegal,Iraq,draftkings,DraftKings,2026-06-23T16:31:58.281970+00:00,h2h,Draw,draw,,550.0,6.5,0.15384615384615385,1.0467032967032968,0.14698162729658792,https://sportsbook.draftkings.com/gateway?s=__s__&wpcid=__wpcid__&wpsrc=413&wpcn=ESPN&wpscn=Widget&wpcrn=BetSlipDeepLink&wpscid=__wpscid__&wpcrid=xx&preurl=https%3A%2F%2Fsportsbook.draftkings.com%2Fevent%2F34206881%3Foutcomes%3D0ML84944384_2
2026-06-23T16:31:58.281970+00:00,760474,espn:fifa.world,2026-06-26T19:00Z,Senegal,Iraq,draftkings,DraftKings,2026-06-23T16:31:58.281970+00:00,h2h,Iraq,away_win,,1100.0,12.0,0.08333333333333333,1.0467032967032968,0.07961504811898512,https://sportsbook.draftkings.com/gateway?s=__s__&wpcid=__wpcid__&wpsrc=413&wpcn=ESPN&wpscn=Widget&wpcrn=BetSlipDeepLink&wpscid=__wpscid__&wpcrid=xx&preurl=https%3A%2F%2Fsportsbook.draftkings.com%2Fevent%2F34206881%3Foutcomes%3D0ML84944384_3
2026-06-23T16:31:58.281970+00:00,760474,espn:fifa.world,2026-06-26T19:00Z,Senegal,Iraq,draftkings,DraftKings,2026-06-23T16:31:58.281970+00:00,spreads,Senegal,home_spread,-1.5,-150.0,1.6666666666666665,0.6000000000000001,1.0545454545454547,0.5689655172413793,https://sportsbook.draftkings.com/gateway?s=__s__&wpcid=__wpcid__&wpsrc=413&wpcn=ESPN&wpscn=Widget&wpcrn=BetSlipDeepLink&wpscid=__wpscid__&wpcrid=xx&preurl=https%3A%2F%2Fsportsbook.draftkings.com%2Fevent%2F34206881%3Foutcomes%3D0HC84944598N150_1
2026-06-23T16:31:58.281970+00:00,760474,espn:fifa.world,2026-06-26T19:00Z,Senegal,Iraq,draftkings,DraftKings,2026-06-23T16:31:58.281970+00:00,spreads,Iraq,away_spread,1.5,120.0,2.2,0.45454545454545453,1.0545454545454547,0.4310344827586206,https://sportsbook.draftkings.com/gateway?s=__s__&wpcid=__wpcid__&wpsrc=413&wpcn=ESPN&wpscn=Widget&wpcrn=BetSlipDeepLink&wpscid=__wpscid__&wpcrid=xx&preurl=https%3A%2F%2Fsportsbook.draftkings.com%2Fevent%2F34206881%3Foutcomes%3D0HC84944598P150_3
2026-06-23T16:31:58.281970+00:00,760474,espn:fifa.world,2026-06-26T19:00Z,Senegal,Iraq,draftkings,DraftKings,2026-06-23T16:31:58.281970+00:00,totals,Over,over,3.5,135.0,2.35,0.425531914893617,1.0551615445232465,0.40328603435399557,https://sportsbook.draftkings.com/gateway?s=__s__&wpcid=__wpcid__&wpsrc=413&wpcn=ESPN&wpscn=Widget&wpcrn=BetSlipDeepLink&wpscid=__wpscid__&wpcrid=xx&preurl=https%3A%2F%2Fsportsbook.draftkings.com%2Fevent%2F34206881%3Foutcomes%3D0OU84944585O350_1
2026-06-23T16:31:58.281970+00:00,760474,espn:fifa.world,2026-06-26T19:00Z,Senegal,Iraq,draftkings,DraftKings,2026-06-23T16:31:58.281970+00:00,totals,Under,under,3.5,-170.0,1.5882352941176472,0.6296296296296295,1.0551615445232465,0.5967139656460044,https://sportsbook.draftkings.com/gateway?s=__s__&wpcid=__wpcid__&wpsrc=413&wpcn=ESPN&wpscn=Widget&wpcrn=BetSlipDeepLink&wpscid=__wpscid__&wpcrid=xx&preurl=https%3A%2F%2Fsportsbook.draftkings.com%2Fevent%2F34206881%3Foutcomes%3D0OU84944585U350_3
2026-06-23T16:31:58.281970+00:00,760478,espn:fifa.world,2026-06-27T00:00Z,Cabo Verde,Saudi Arabia,draftkings,DraftKings,2026-06-23T16:31:58.281970+00:00,h2h,Cabo Verde,home_win,,145.0,2.45,0.4081632653061224,1.0370013886173481,0.39359953591801217,https://sportsbook.draftkings.com/gateway?s=__s__&wpcid=__wpcid__&wpsrc=413&wpcn=ESPN&wpscn=Widget&wpcrn=BetSlipDeepLink&wpscid=__wpscid__&wpcrid=xx&preurl=https%3A%2F%2Fsportsbook.draftkings.com%2Fevent%2F34206884%3Foutcomes%3D0ML84944382_1
2026-06-23T16:31:58.281970+00:00,760478,espn:fifa.world,2026-06-27T00:00Z,Cabo Verde,Saudi Arabia,draftkings,DraftKings,2026-06-23T16:31:58.281970+00:00,h2h,Draw,draw,,245.0,3.45,0.2898550724637681,1.0370013886173481,0.2795127139127913,https://sportsbook.draftkings.com/gateway?s=__s__&wpcid=__wpcid__&wpsrc=413&wpcn=ESPN&wpscn=Widget&wpcrn=BetSlipDeepLink&wpscid=__wpscid__&wpcrid=xx&preurl=https%3A%2F%2Fsportsbook.draftkings.com%2Fevent%2F34206884%3Foutcomes%3D0ML84944382_2
2026-06-23T16:31:58.281970+00:00,760478,espn:fifa.world,2026-06-27T00:00Z,Cabo Verde,Saudi Arabia,draftkings,DraftKings,2026-06-23T16:31:58.281970+00:00,h2h,Saudi Arabia,away_win,,195.0,2.95,0.3389830508474576,1.0370013886173481,0.3268877501691966,https://sportsbook.draftkings.com/gateway?s=__s__&wpcid=__wpcid__&wpsrc=413&wpcn=ESPN&wpscn=Widget&wpcrn=BetSlipDeepLink&wpscid=__wpscid__&wpcrid=xx&preurl=https%3A%2F%2Fsportsbook.draftkings.com%2Fevent%2F34206884%3Foutcomes%3D0ML84944382_3
2026-06-23T16:31:58.281970+00:00,760478,espn:fifa.world,2026-06-27T00:00Z,Cabo Verde,Saudi Arabia,draftkings,DraftKings,2026-06-23T16:31:58.281970+00:00,spreads,Cabo Verde,home_spread,-0.5,135.0,2.35,0.425531914893617,1.0551615445232465,0.40328603435399557,https://sportsbook.draftkings.com/gateway?s=__s__&wpcid=__wpcid__&wpsrc=413&wpcn=ESPN&wpscn=Widget&wpcrn=BetSlipDeepLink&wpscid=__wpscid__&wpcrid=xx&preurl=https%3A%2F%2Fsportsbook.draftkings.com%2Fevent%2F34206884%3Foutcomes%3D0HC84944587N50_1
2026-06-23T16:31:58.281970+00:00,760478,espn:fifa.world,2026-06-27T00:00Z,Cabo Verde,Saudi Arabia,draftkings,DraftKings,2026-06-23T16:31:58.281970+00:00,spreads,Saudi Arabia,away_spread,0.5,-170.0,1.5882352941176472,0.6296296296296295,1.0551615445232465,0.5967139656460044,https://sportsbook.draftkings.com/gateway?s=__s__&wpcid=__wpcid__&wpsrc=413&wpcn=ESPN&wpscn=Widget&wpcrn=BetSlipDeepLink&wpscid=__wpscid__&wpcrid=xx&preurl=https%3A%2F%2Fsportsbook.draftkings.com%2Fevent%2F34206884%3Foutcomes%3D0HC84944587P50_3
2026-06-23T16:31:58.281970+00:00,760478,espn:fifa.world,2026-06-27T00:00Z,Cabo Verde,Saudi Arabia,draftkings,DraftKings,2026-06-23T16:31:58.281970+00:00,totals,Over,over,2.5,-105.0,1.9523809523809523,0.5121951219512195,1.057649667405765,0.48427672955974843,https://sportsbook.draftkings.com/gateway?s=__s__&wpcid=__wpcid__&wpsrc=413&wpcn=ESPN&wpscn=Widget&wpcrn=BetSlipDeepLink&wpscid=__wpscid__&wpcrid=xx&preurl=https%3A%2F%2Fsportsbook.draftkings.com%2Fevent%2F34206884%3Foutcomes%3D0OU84944572O250_1
2026-06-23T16:31:58.281970+00:00,760478,espn:fifa.world,2026-06-27T00:00Z,Cabo Verde,Saudi Arabia,draftkings,DraftKings,2026-06-23T16:31:58.281970+00:00,totals,Under,under,2.5,-120.0,1.8333333333333335,0.5454545454545454,1.057649667405765,0.5157232704402516,https://sportsbook.draftkings.com/gateway?s=__s__&wpcid=__wpcid__&wpsrc=413&wpcn=ESPN&wpscn=Widget&wpcrn=BetSlipDeepLink&wpscid=__wpscid__&wpcrid=xx&preurl=https%3A%2F%2Fsportsbook.draftkings.com%2Fevent%2F34206884%3Foutcomes%3D0OU84944572U250_3
2026-06-23T16:31:58.281970+00:00,760479,espn:fifa.world,2026-06-27T00:00Z,Uruguay,Spain,draftkings,DraftKings,2026-06-23T16:31:58.281970+00:00,h2h,Uruguay,home_win,,600.0,7.0,0.14285714285714285,1.0476190476190474,0.13636363636363638,https://sportsbook.draftkings.com/gateway?s=__s__&wpcid=__wpcid__&wpsrc=413&wpcn=ESPN&wpscn=Widget&wpcrn=BetSlipDeepLink&wpscid=__wpscid__&wpcrid=xx&preurl=https%3A%2F%2Fsportsbook.draftkings.com%2Fevent%2F34206883%3Foutcomes%3D0ML84944380_1
2026-06-23T16:31:58.281970+00:00,760479,espn:fifa.world,2026-06-27T00:00Z,Uruguay,Spain,draftkings,DraftKings,2026-06-23T16:31:58.281970+00:00,h2h,Draw,draw,,320.0,4.2,0.23809523809523808,1.0476190476190474,0.2272727272727273,https://sportsbook.draftkings.com/gateway?s=__s__&wpcid=__wpcid__&wpsrc=413&wpcn=ESPN&wpscn=Widget&wpcrn=BetSlipDeepLink&wpscid=__wpscid__&wpcrid=xx&preurl=https%3A%2F%2Fsportsbook.draftkings.com%2Fevent%2F34206883%3Foutcomes%3D0ML84944380_2
2026-06-23T16:31:58.281970+00:00,760479,espn:fifa.world,2026-06-27T00:00Z,Uruguay,Spain,draftkings,DraftKings,2026-06-23T16:31:58.281970+00:00,h2h,Spain,away_win,,-200.0,1.5,0.6666666666666666,1.0476190476190474,0.6363636363636365,https://sportsbook.draftkings.com/gateway?s=__s__&wpcid=__wpcid__&wpsrc=413&wpcn=ESPN&wpscn=Widget&wpcrn=BetSlipDeepLink&wpscid=__wpscid__&wpcrid=xx&preurl=https%3A%2F%2Fsportsbook.draftkings.com%2Fevent%2F34206883%3Foutcomes%3D0ML84944380_3
2026-06-23T16:31:58.281970+00:00,760479,espn:fifa.world,2026-06-27T00:00Z,Uruguay,Spain,draftkings,DraftKings,2026-06-23T16:31:58.281970+00:00,spreads,Uruguay,home_spread,1.5,-185.0,1.5405405405405406,0.6491228070175439,1.0572860723236663,0.6139519133084999,https://sportsbook.draftkings.com/gateway?s=__s__&wpcid=__wpcid__&wpsrc=413&wpcn=ESPN&wpscn=Widget&wpcrn=BetSlipDeepLink&wpscid=__wpscid__&wpcrid=xx&preurl=https%3A%2F%2Fsportsbook.draftkings.com%2Fevent%2F34206883%3Foutcomes%3D0HC84944659P150_1
2026-06-23T16:31:58.281970+00:00,760479,espn:fifa.world,2026-06-27T00:00Z,Uruguay,Spain,draftkings,DraftKings,2026-06-23T16:31:58.281970+00:00,spreads,Spain,away_spread,-1.5,145.0,2.45,0.4081632653061224,1.0572860723236663,0.3860480866915001,https://sportsbook.draftkings.com/gateway?s=__s__&wpcid=__wpcid__&wpsrc=413&wpcn=ESPN&wpscn=Widget&wpcrn=BetSlipDeepLink&wpscid=__wpscid__&wpcrid=xx&preurl=https%3A%2F%2Fsportsbook.draftkings.com%2Fevent%2F34206883%3Foutcomes%3D0HC84944659N150_3
2026-06-23T16:31:58.281970+00:00,760479,espn:fifa.world,2026-06-27T00:00Z,Uruguay,Spain,draftkings,DraftKings,2026-06-23T16:31:58.281970+00:00,totals,Over,over,2.5,-120.0,1.8333333333333335,0.5454545454545454,1.057649667405765,0.5157232704402516,https://sportsbook.draftkings.com/gateway?s=__s__&wpcid=__wpcid__&wpsrc=413&wpcn=ESPN&wpscn=Widget&wpcrn=BetSlipDeepLink&wpscid=__wpscid__&wpcrid=xx&preurl=https%3A%2F%2Fsportsbook.draftkings.com%2Fevent%2F34206883%3Foutcomes%3D0OU84944654O250_1
2026-06-23T16:31:58.281970+00:00,760479,espn:fifa.world,2026-06-27T00:00Z,Uruguay,Spain,draftkings,DraftKings,2026-06-23T16:31:58.281970+00:00,totals,Under,under,2.5,-105.0,1.9523809523809523,0.5121951219512195,1.057649667405765,0.48427672955974843,https://sportsbook.draftkings.com/gateway?s=__s__&wpcid=__wpcid__&wpsrc=413&wpcn=ESPN&wpscn=Widget&wpcrn=BetSlipDeepLink&wpscid=__wpscid__&wpcrid=xx&preurl=https%3A%2F%2Fsportsbook.draftkings.com%2Fevent%2F34206883%3Foutcomes%3D0OU84944654U250_3
2026-06-23T16:31:58.281970+00:00,760476,espn:fifa.world,2026-06-27T03:00Z,Egypt,IR Iran,draftkings,DraftKings,2026-06-23T16:31:58.281970+00:00,h2h,Egypt,home_win,,150.0,2.5,0.4,1.0405163853028798,0.3844245084939874,https://sportsbook.draftkings.com/gateway?s=__s__&wpcid=__wpcid__&wpsrc=413&wpcn=ESPN&wpscn=Widget&wpcrn=BetSlipDeepLink&wpscid=__wpscid__&wpcrid=xx&preurl=https%3A%2F%2Fsportsbook.draftkings.com%2Fevent%2F34206885%3Foutcomes%3D0ML84944383_1
2026-06-23T16:31:58.281970+00:00,760476,espn:fifa.world,2026-06-27T03:00Z,Egypt,IR Iran,draftkings,DraftKings,2026-06-23T16:31:58.281970+00:00,h2h,Draw,draw,,165.0,2.65,0.37735849056603776,1.0405163853028798,0.3626646306547051,https://sportsbook.draftkings.com/gateway?s=__s__&wpcid=__wpcid__&wpsrc=413&wpcn=ESPN&wpscn=Widget&wpcrn=BetSlipDeepLink&wpscid=__wpscid__&wpcrid=xx&preurl=https%3A%2F%2Fsportsbook.draftkings.com%2Fevent%2F34206885%3Foutcomes%3D0ML84944383_2
2026-06-23T16:31:58.281970+00:00,760476,espn:fifa.world,2026-06-27T03:00Z,Egypt,IR Iran,draftkings,DraftKings,2026-06-23T16:31:58.281970+00:00,h2h,IR Iran,away_win,,280.0,3.8,0.2631578947368421,1.0405163853028798,0.2529108608513075,https://sportsbook.draftkings.com/gateway?s=__s__&wpcid=__wpcid__&wpsrc=413&wpcn=ESPN&wpscn=Widget&wpcrn=BetSlipDeepLink&wpscid=__wpscid__&wpcrid=xx&preurl=https%3A%2F%2Fsportsbook.draftkings.com%2Fevent%2F34206885%3Foutcomes%3D0ML84944383_3
2026-06-23T16:31:58.281970+00:00,760476,espn:fifa.world,2026-06-27T03:00Z,Egypt,IR Iran,draftkings,DraftKings,2026-06-23T16:31:58.281970+00:00,spreads,Egypt,home_spread,-0.5,140.0,2.4,0.4166666666666667,1.053030303030303,0.3956834532374101,https://sportsbook.draftkings.com/gateway?s=__s__&wpcid=__wpcid__&wpsrc=413&wpcn=ESPN&wpscn=Widget&wpcrn=BetSlipDeepLink&wpscid=__wpscid__&wpcrid=xx&preurl=https%3A%2F%2Fsportsbook.draftkings.com%2Fevent%2F34206885%3Foutcomes%3D0HC84944759N50_1
2026-06-23T16:31:58.281970+00:00,760476,espn:fifa.world,2026-06-27T03:00Z,Egypt,IR Iran,draftkings,DraftKings,2026-06-23T16:31:58.281970+00:00,spreads,IR Iran,away_spread,0.5,-175.0,1.5714285714285714,0.6363636363636364,1.053030303030303,0.60431654676259,https://sportsbook.draftkings.com/gateway?s=__s__&wpcid=__wpcid__&wpsrc=413&wpcn=ESPN&wpscn=Widget&wpcrn=BetSlipDeepLink&wpscid=__wpscid__&wpcrid=xx&preurl=https%3A%2F%2Fsportsbook.draftkings.com%2Fevent%2F34206885%3Foutcomes%3D0HC84944759P50_3
2026-06-23T16:31:58.281970+00:00,760476,espn:fifa.world,2026-06-27T03:00Z,Egypt,IR Iran,draftkings,DraftKings,2026-06-23T16:31:58.281970+00:00,totals,Over,over,1.5,-175.0,1.5714285714285714,0.6363636363636364,1.053030303030303,0.60431654676259,https://sportsbook.draftkings.com/gateway?s=__s__&wpcid=__wpcid__&wpsrc=413&wpcn=ESPN&wpscn=Widget&wpcrn=BetSlipDeepLink&wpscid=__wpscid__&wpcrid=xx&preurl=https%3A%2F%2Fsportsbook.draftkings.com%2Fevent%2F34206885%3Foutcomes%3D0OU84944754O150_1
2026-06-23T16:31:58.281970+00:00,760476,espn:fifa.world,2026-06-27T03:00Z,Egypt,IR Iran,draftkings,DraftKings,2026-06-23T16:31:58.281970+00:00,totals,Under,under,1.5,140.0,2.4,0.4166666666666667,1.053030303030303,0.3956834532374101,https://sportsbook.draftkings.com/gateway?s=__s__&wpcid=__wpcid__&wpsrc=413&wpcn=ESPN&wpscn=Widget&wpcrn=BetSlipDeepLink&wpscid=__wpscid__&wpcrid=xx&preurl=https%3A%2F%2Fsportsbook.draftkings.com%2Fevent%2F34206885%3Foutcomes%3D0OU84944754U150_3
2026-06-23T16:31:58.281970+00:00,760477,espn:fifa.world,2026-06-27T03:00Z,New Zealand,Belgium,draftkings,DraftKings,2026-06-23T16:31:58.281970+00:00,h2h,New Zealand,home_win,,1300.0,14.0,0.07142857142857142,1.0476190476190477,0.06818181818181818,https://sportsbook.draftkings.com/gateway?s=__s__&wpcid=__wpcid__&wpsrc=413&wpcn=ESPN&wpscn=Widget&wpcrn=BetSlipDeepLink&wpscid=__wpscid__&wpcrid=xx&preurl=https%3A%2F%2Fsportsbook.draftkings.com%2Fevent%2F34206886%3Foutcomes%3D0ML84944385_1
2026-06-23T16:31:58.281970+00:00,760477,espn:fifa.world,2026-06-27T03:00Z,New Zealand,Belgium,draftkings,DraftKings,2026-06-23T16:31:58.281970+00:00,h2h,Draw,draw,,600.0,7.0,0.14285714285714285,1.0476190476190477,0.13636363636363635,https://sportsbook.draftkings.com/gateway?s=__s__&wpcid=__wpcid__&wpsrc=413&wpcn=ESPN&wpscn=Widget&wpcrn=BetSlipDeepLink&wpscid=__wpscid__&wpcrid=xx&preurl=https%3A%2F%2Fsportsbook.draftkings.com%2Fevent%2F34206886%3Foutcomes%3D0ML84944385_2
2026-06-23T16:31:58.281970+00:00,760477,espn:fifa.world,2026-06-27T03:00Z,New Zealand,Belgium,draftkings,DraftKings,2026-06-23T16:31:58.281970+00:00,h2h,Belgium,away_win,,-500.0,1.2,0.8333333333333334,1.0476190476190477,0.7954545454545454,https://sportsbook.draftkings.com/gateway?s=__s__&wpcid=__wpcid__&wpsrc=413&wpcn=ESPN&wpscn=Widget&wpcrn=BetSlipDeepLink&wpscid=__wpscid__&wpcrid=xx&preurl=https%3A%2F%2Fsportsbook.draftkings.com%2Fevent%2F34206886%3Foutcomes%3D0ML84944385_3
2026-06-23T16:31:58.281970+00:00,760477,espn:fifa.world,2026-06-27T03:00Z,New Zealand,Belgium,draftkings,DraftKings,2026-06-23T16:31:58.281970+00:00,spreads,New Zealand,home_spread,1.5,135.0,2.35,0.425531914893617,1.0551615445232465,0.40328603435399557,https://sportsbook.draftkings.com/gateway?s=__s__&wpcid=__wpcid__&wpsrc=413&wpcn=ESPN&wpscn=Widget&wpcrn=BetSlipDeepLink&wpscid=__wpscid__&wpcrid=xx&preurl=https%3A%2F%2Fsportsbook.draftkings.com%2Fevent%2F34206886%3Foutcomes%3D0HC84944934P150_1
2026-06-23T16:31:58.281970+00:00,760477,espn:fifa.world,2026-06-27T03:00Z,New Zealand,Belgium,draftkings,DraftKings,2026-06-23T16:31:58.281970+00:00,spreads,Belgium,away_spread,-1.5,-170.0,1.5882352941176472,0.6296296296296295,1.0551615445232465,0.5967139656460044,https://sportsbook.draftkings.com/gateway?s=__s__&wpcid=__wpcid__&wpsrc=413&wpcn=ESPN&wpscn=Widget&wpcrn=BetSlipDeepLink&wpscid=__wpscid__&wpcrid=xx&preurl=https%3A%2F%2Fsportsbook.draftkings.com%2Fevent%2F34206886%3Foutcomes%3D0HC84944934N150_3
2026-06-23T16:31:58.281970+00:00,760477,espn:fifa.world,2026-06-27T03:00Z,New Zealand,Belgium,draftkings,DraftKings,2026-06-23T16:31:58.281970+00:00,totals,Over,over,3.5,140.0,2.4,0.4166666666666667,1.0462962962962963,0.39823008849557523,https://sportsbook.draftkings.com/gateway?s=__s__&wpcid=__wpcid__&wpsrc=413&wpcn=ESPN&wpscn=Widget&wpcrn=BetSlipDeepLink&wpscid=__wpscid__&wpcrid=xx&preurl=https%3A%2F%2Fsportsbook.draftkings.com%2Fevent%2F34206886%3Foutcomes%3D0OU84944929O350_1
2026-06-23T16:31:58.281970+00:00,760477,espn:fifa.world,2026-06-27T03:00Z,New Zealand,Belgium,draftkings,DraftKings,2026-06-23T16:31:58.281970+00:00,totals,Under,under,3.5,-170.0,1.5882352941176472,0.6296296296296295,1.0462962962962963,0.6017699115044247,https://sportsbook.draftkings.com/gateway?s=__s__&wpcid=__wpcid__&wpsrc=413&wpcn=ESPN&wpscn=Widget&wpcrn=BetSlipDeepLink&wpscid=__wpscid__&wpcrid=xx&preurl=https%3A%2F%2Fsportsbook.draftkings.com%2Fevent%2F34206886%3Foutcomes%3D0OU84944929U350_3
2026-06-23T16:31:58.281970+00:00,760480,espn:fifa.world,2026-06-27T21:00Z,Croatia,Ghana,draftkings,DraftKings,2026-06-23T16:31:58.281970+00:00,h2h,Croatia,home_win,,-150.0,1.6666666666666665,0.6000000000000001,1.0405797101449277,0.5766016713091923,https://sportsbook.draftkings.com/gateway?s=__s__&wpcid=__wpcid__&wpsrc=413&wpcn=ESPN&wpscn=Widget&wpcrn=BetSlipDeepLink&wpscid=__wpscid__&wpcrid=xx&preurl=https%3A%2F%2Fsportsbook.draftkings.com%2Fevent%2F34206887%3Foutcomes%3D0ML84944386_1
2026-06-23T16:31:58.281970+00:00,760480,espn:fifa.world,2026-06-27T21:00Z,Croatia,Ghana,draftkings,DraftKings,2026-06-23T16:31:58.281970+00:00,h2h,Draw,draw,,275.0,3.75,0.26666666666666666,1.0405797101449277,0.25626740947075205,https://sportsbook.draftkings.com/gateway?s=__s__&wpcid=__wpcid__&wpsrc=413&wpcn=ESPN&wpscn=Widget&wpcrn=BetSlipDeepLink&wpscid=__wpscid__&wpcrid=xx&preurl=https%3A%2F%2Fsportsbook.draftkings.com%2Fevent%2F34206887%3Foutcomes%3D0ML84944386_2
2026-06-23T16:31:58.281970+00:00,760480,espn:fifa.world,2026-06-27T21:00Z,Croatia,Ghana,draftkings,DraftKings,2026-06-23T16:31:58.281970+00:00,h2h,Ghana,away_win,,475.0,5.75,0.17391304347826086,1.0405797101449277,0.16713091922005568,https://sportsbook.draftkings.com/gateway?s=__s__&wpcid=__wpcid__&wpsrc=413&wpcn=ESPN&wpscn=Widget&wpcrn=BetSlipDeepLink&wpscid=__wpscid__&wpcrid=xx&preurl=https%3A%2F%2Fsportsbook.draftkings.com%2Fevent%2F34206887%3Foutcomes%3D0ML84944386_3
2026-06-23T16:31:58.281970+00:00,760480,espn:fifa.world,2026-06-27T21:00Z,Croatia,Ghana,draftkings,DraftKings,2026-06-23T16:31:58.281970+00:00,spreads,Croatia,home_spread,-0.5,-160.0,1.625,0.6153846153846154,1.0598290598290598,0.5806451612903226,https://sportsbook.draftkings.com/gateway?s=__s__&wpcid=__wpcid__&wpsrc=413&wpcn=ESPN&wpscn=Widget&wpcrn=BetSlipDeepLink&wpscid=__wpscid__&wpcrid=xx&preurl=https%3A%2F%2Fsportsbook.draftkings.com%2Fevent%2F34206887%3Foutcomes%3D0HC84944884N50_1
2026-06-23T16:31:58.281970+00:00,760480,espn:fifa.world,2026-06-27T21:00Z,Croatia,Ghana,draftkings,DraftKings,2026-06-23T16:31:58.281970+00:00,spreads,Ghana,away_spread,0.5,125.0,2.25,0.4444444444444444,1.0598290598290598,0.4193548387096774,https://sportsbook.draftkings.com/gateway?s=__s__&wpcid=__wpcid__&wpsrc=413&wpcn=ESPN&wpscn=Widget&wpcrn=BetSlipDeepLink&wpscid=__wpscid__&wpcrid=xx&preurl=https%3A%2F%2Fsportsbook.draftkings.com%2Fevent%2F34206887%3Foutcomes%3D0HC84944884P50_3
2026-06-23T16:31:58.281970+00:00,760480,espn:fifa.world,2026-06-27T21:00Z,Croatia,Ghana,draftkings,DraftKings,2026-06-23T16:31:58.281970+00:00,totals,Over,over,2.5,110.0,2.1,0.47619047619047616,1.050658561296859,0.4532304725168756,https://sportsbook.draftkings.com/gateway?s=__s__&wpcid=__wpcid__&wpsrc=413&wpcn=ESPN&wpscn=Widget&wpcrn=BetSlipDeepLink&wpscid=__wpscid__&wpcrid=xx&preurl=https%3A%2F%2Fsportsbook.draftkings.com%2Fevent%2F34206887%3Foutcomes%3D0OU84944879O250_1
2026-06-23T16:31:58.281970+00:00,760480,espn:fifa.world,2026-06-27T21:00Z,Croatia,Ghana,draftkings,DraftKings,2026-06-23T16:31:58.281970+00:00,totals,Under,under,2.5,-135.0,1.7407407407407407,0.574468085106383,1.050658561296859,0.5467695274831245,https://sportsbook.draftkings.com/gateway?s=__s__&wpcid=__wpcid__&wpsrc=413&wpcn=ESPN&wpscn=Widget&wpcrn=BetSlipDeepLink&wpscid=__wpscid__&wpcrid=xx&preurl=https%3A%2F%2Fsportsbook.draftkings.com%2Fevent%2F34206887%3Foutcomes%3D0OU84944879U250_3
2026-06-23T16:31:58.281970+00:00,760485,espn:fifa.world,2026-06-27T21:00Z,Panama,England,draftkings,DraftKings,2026-06-23T16:31:58.281970+00:00,h2h,Panama,home_win,,1200.0,13.0,0.07692307692307693,1.0435897435897437,0.07371007371007371,https://sportsbook.draftkings.com/gateway?s=__s__&wpcid=__wpcid__&wpsrc=413&wpcn=ESPN&wpscn=Widget&wpcrn=BetSlipDeepLink&wpscid=__wpscid__&wpcrid=xx&preurl=https%3A%2F%2Fsportsbook.draftkings.com%2Fevent%2F34206866%3Foutcomes%3D0ML84944365_1
2026-06-23T16:31:58.281970+00:00,760485,espn:fifa.world,2026-06-27T21:00Z,Panama,England,draftkings,DraftKings,2026-06-23T16:31:58.281970+00:00,h2h,Draw,draw,,650.0,7.5,0.13333333333333333,1.0435897435897437,0.12776412776412777,https://sportsbook.draftkings.com/gateway?s=__s__&wpcid=__wpcid__&wpsrc=413&wpcn=ESPN&wpscn=Widget&wpcrn=BetSlipDeepLink&wpscid=__wpscid__&wpcrid=xx&preurl=https%3A%2F%2Fsportsbook.draftkings.com%2Fevent%2F34206866%3Foutcomes%3D0ML84944365_2
2026-06-23T16:31:58.281970+00:00,760485,espn:fifa.world,2026-06-27T21:00Z,Panama,England,draftkings,DraftKings,2026-06-23T16:31:58.281970+00:00,h2h,England,away_win,,-500.0,1.2,0.8333333333333334,1.0435897435897437,0.7985257985257985,https://sportsbook.draftkings.com/gateway?s=__s__&wpcid=__wpcid__&wpsrc=413&wpcn=ESPN&wpscn=Widget&wpcrn=BetSlipDeepLink&wpscid=__wpscid__&wpcrid=xx&preurl=https%3A%2F%2Fsportsbook.draftkings.com%2Fevent%2F34206866%3Foutcomes%3D0ML84944365_3
2026-06-23T16:31:58.281970+00:00,760485,espn:fifa.world,2026-06-27T21:00Z,Panama,England,draftkings,DraftKings,2026-06-23T16:31:58.281970+00:00,spreads,Panama,home_spread,1.5,135.0,2.35,0.425531914893617,1.0551615445232465,0.40328603435399557,https://sportsbook.draftkings.com/gateway?s=__s__&wpcid=__wpcid__&wpsrc=413&wpcn=ESPN&wpscn=Widget&wpcrn=BetSlipDeepLink&wpscid=__wpscid__&wpcrid=xx&preurl=https%3A%2F%2Fsportsbook.draftkings.com%2Fevent%2F34206866%3Foutcomes%3D0HC84944784P150_1
2026-06-23T16:31:58.281970+00:00,760485,espn:fifa.world,2026-06-27T21:00Z,Panama,England,draftkings,DraftKings,2026-06-23T16:31:58.281970+00:00,spreads,England,away_spread,-1.5,-170.0,1.5882352941176472,0.6296296296296295,1.0551615445232465,0.5967139656460044,https://sportsbook.draftkings.com/gateway?s=__s__&wpcid=__wpcid__&wpsrc=413&wpcn=ESPN&wpscn=Widget&wpcrn=BetSlipDeepLink&wpscid=__wpscid__&wpcrid=xx&preurl=https%3A%2F%2Fsportsbook.draftkings.com%2Fevent%2F34206866%3Foutcomes%3D0HC84944784N150_3
2026-06-23T16:31:58.281970+00:00,760485,espn:fifa.world,2026-06-27T21:00Z,Panama,England,draftkings,DraftKings,2026-06-23T16:31:58.281970+00:00,totals,Over,over,3.5,125.0,2.25,0.4444444444444444,1.0522875816993464,0.42236024844720493,https://sportsbook.draftkings.com/gateway?s=__s__&wpcid=__wpcid__&wpsrc=413&wpcn=ESPN&wpscn=Widget&wpcrn=BetSlipDeepLink&wpscid=__wpscid__&wpcrid=xx&preurl=https%3A%2F%2Fsportsbook.draftkings.com%2Fevent%2F34206866%3Foutcomes%3D0OU84944779O350_1
2026-06-23T16:31:58.281970+00:00,760485,espn:fifa.world,2026-06-27T21:00Z,Panama,England,draftkings,DraftKings,2026-06-23T16:31:58.281970+00:00,totals,Under,under,3.5,-155.0,1.6451612903225805,0.607843137254902,1.0522875816993464,0.5776397515527951,https://sportsbook.draftkings.com/gateway?s=__s__&wpcid=__wpcid__&wpsrc=413&wpcn=ESPN&wpscn=Widget&wpcrn=BetSlipDeepLink&wpscid=__wpscid__&wpcrid=xx&preurl=https%3A%2F%2Fsportsbook.draftkings.com%2Fevent%2F34206866%3Foutcomes%3D0OU84944779U350_3
2026-06-23T16:31:58.281970+00:00,760481,espn:fifa.world,2026-06-27T23:30Z,Colombia,Portugal,draftkings,DraftKings,2026-06-23T16:31:58.281970+00:00,h2h,Colombia,home_win,,265.0,3.65,0.273972602739726,1.043467621633577,0.2625597546676287,https://sportsbook.draftkings.com/gateway?s=__s__&wpcid=__wpcid__&wpsrc=413&wpcn=ESPN&wpscn=Widget&wpcrn=BetSlipDeepLink&wpscid=__wpscid__&wpcrid=xx&preurl=https%3A%2F%2Fsportsbook.draftkings.com%2Fevent%2F34206871%3Foutcomes%3D0ML84944371_1
2026-06-23T16:31:58.281970+00:00,760481,espn:fifa.world,2026-06-27T23:30Z,Colombia,Portugal,draftkings,DraftKings,2026-06-23T16:31:58.281970+00:00,h2h,Draw,draw,,255.0,3.55,0.28169014084507044,1.043467621633577,0.2699558040948859,https://sportsbook.draftkings.com/gateway?s=__s__&wpcid=__wpcid__&wpsrc=413&wpcn=ESPN&wpscn=Widget&wpcrn=BetSlipDeepLink&wpscid=__wpscid__&wpcrid=xx&preurl=https%3A%2F%2Fsportsbook.draftkings.com%2Fevent%2F34206871%3Foutcomes%3D0ML84944371_2
2026-06-23T16:31:58.281970+00:00,760481,espn:fifa.world,2026-06-27T23:30Z,Colombia,Portugal,draftkings,DraftKings,2026-06-23T16:31:58.281970+00:00,h2h,Portugal,away_win,,105.0,2.05,0.48780487804878053,1.043467621633577,0.4674844412374854,https://sportsbook.draftkings.com/gateway?s=__s__&wpcid=__wpcid__&wpsrc=413&wpcn=ESPN&wpscn=Widget&wpcrn=BetSlipDeepLink&wpscid=__wpscid__&wpcrid=xx&preurl=https%3A%2F%2Fsportsbook.draftkings.com%2Fevent%2F34206871%3Foutcomes%3D0ML84944371_3
2026-06-23T16:31:58.281970+00:00,760481,espn:fifa.world,2026-06-27T23:30Z,Colombia,Portugal,draftkings,DraftKings,2026-06-23T16:31:58.281970+00:00,spreads,Colombia,home_spread,0.5,-125.0,1.8,0.5555555555555556,1.0555555555555556,0.5263157894736842,https://sportsbook.draftkings.com/gateway?s=__s__&wpcid=__wpcid__&wpsrc=413&wpcn=ESPN&wpscn=Widget&wpcrn=BetSlipDeepLink&wpscid=__wpscid__&wpcrid=xx&preurl=https%3A%2F%2Fsportsbook.draftkings.com%2Fevent%2F34206871%3Foutcomes%3D0HC84944859P50_1
2026-06-23T16:31:58.281970+00:00,760481,espn:fifa.world,2026-06-27T23:30Z,Colombia,Portugal,draftkings,DraftKings,2026-06-23T16:31:58.281970+00:00,spreads,Portugal,away_spread,-0.5,100.0,2.0,0.5,1.0555555555555556,0.47368421052631576,https://sportsbook.draftkings.com/gateway?s=__s__&wpcid=__wpcid__&wpsrc=413&wpcn=ESPN&wpscn=Widget&wpcrn=BetSlipDeepLink&wpscid=__wpscid__&wpcrid=xx&preurl=https%3A%2F%2Fsportsbook.draftkings.com%2Fevent%2F34206871%3Foutcomes%3D0HC84944859N50_3
2026-06-23T16:31:58.281970+00:00,760481,espn:fifa.world,2026-06-27T23:30Z,Colombia,Portugal,draftkings,DraftKings,2026-06-23T16:31:58.281970+00:00,totals,Over,over,2.5,105.0,2.05,0.48780487804878053,1.0622729631551635,0.45920859794821695,https://sportsbook.draftkings.com/gateway?s=__s__&wpcid=__wpcid__&wpsrc=413&wpcn=ESPN&wpscn=Widget&wpcrn=BetSlipDeepLink&wpscid=__wpscid__&wpcrid=xx&preurl=https%3A%2F%2Fsportsbook.draftkings.com%2Fevent%2F34206871%3Foutcomes%3D0OU84944854O250_1
2026-06-23T16:31:58.281970+00:00,760481,espn:fifa.world,2026-06-27T23:30Z,Colombia,Portugal,draftkings,DraftKings,2026-06-23T16:31:58.281970+00:00,totals,Under,under,2.5,-135.0,1.7407407407407407,0.574468085106383,1.0622729631551635,0.5407914020517831,https://sportsbook.draftkings.com/gateway?s=__s__&wpcid=__wpcid__&wpsrc=413&wpcn=ESPN&wpscn=Widget&wpcrn=BetSlipDeepLink&wpscid=__wpscid__&wpcrid=xx&preurl=https%3A%2F%2Fsportsbook.draftkings.com%2Fevent%2F34206871%3Foutcomes%3D0OU84944854U250_3
2026-06-23T16:31:58.281970+00:00,760482,espn:fifa.world,2026-06-27T23:30Z,Congo DR,Uzbekistan,draftkings,DraftKings,2026-06-23T16:31:58.281970+00:00,h2h,Congo DR,home_win,,110.0,2.1,0.47619047619047616,1.0449682091473136,0.4556985294117647,https://sportsbook.draftkings.com/gateway?s=__s__&wpcid=__wpcid__&wpsrc=413&wpcn=ESPN&wpscn=Widget&wpcrn=BetSlipDeepLink&wpscid=__wpscid__&wpcrid=xx&preurl=https%3A%2F%2Fsportsbook.draftkings.com%2Fevent%2F34206867%3Foutcomes%3D0ML84944366_1
2026-06-23T16:31:58.281970+00:00,760482,espn:fifa.world,2026-06-27T23:30Z,Congo DR,Uzbekistan,draftkings,DraftKings,2026-06-23T16:31:58.281970+00:00,h2h,Draw,draw,,270.0,3.7,0.27027027027027023,1.0449682091473136,0.2586397058823529,https://sportsbook.draftkings.com/gateway?s=__s__&wpcid=__wpcid__&wpsrc=413&wpcn=ESPN&wpscn=Widget&wpcrn=BetSlipDeepLink&wpscid=__wpscid__&wpcrid=xx&preurl=https%3A%2F%2Fsportsbook.draftkings.com%2Fevent%2F34206867%3Foutcomes%3D0ML84944366_2
2026-06-23T16:31:58.281970+00:00,760482,espn:fifa.world,2026-06-27T23:30Z,Congo DR,Uzbekistan,draftkings,DraftKings,2026-06-23T16:31:58.281970+00:00,h2h,Uzbekistan,away_win,,235.0,3.35,0.29850746268656714,1.0449682091473136,0.28566176470588234,https://sportsbook.draftkings.com/gateway?s=__s__&wpcid=__wpcid__&wpsrc=413&wpcn=ESPN&wpscn=Widget&wpcrn=BetSlipDeepLink&wpscid=__wpscid__&wpcrid=xx&preurl=https%3A%2F%2Fsportsbook.draftkings.com%2Fevent%2F34206867%3Foutcomes%3D0ML84944366_3
2026-06-23T16:31:58.281970+00:00,760482,espn:fifa.world,2026-06-27T23:30Z,Congo DR,Uzbekistan,draftkings,DraftKings,2026-06-23T16:31:58.281970+00:00,spreads,Congo DR,home_spread,-0.5,105.0,2.05,0.48780487804878053,1.0622729631551635,0.45920859794821695,https://sportsbook.draftkings.com/gateway?s=__s__&wpcid=__wpcid__&wpsrc=413&wpcn=ESPN&wpscn=Widget&wpcrn=BetSlipDeepLink&wpscid=__wpscid__&wpcrid=xx&preurl=https%3A%2F%2Fsportsbook.draftkings.com%2Fevent%2F34206867%3Foutcomes%3D0HC84944534N50_1
2026-06-23T16:31:58.281970+00:00,760482,espn:fifa.world,2026-06-27T23:30Z,Congo DR,Uzbekistan,draftkings,DraftKings,2026-06-23T16:31:58.281970+00:00,spreads,Uzbekistan,away_spread,0.5,-135.0,1.7407407407407407,0.574468085106383,1.0622729631551635,0.5407914020517831,https://sportsbook.draftkings.com/gateway?s=__s__&wpcid=__wpcid__&wpsrc=413&wpcn=ESPN&wpscn=Widget&wpcrn=BetSlipDeepLink&wpscid=__wpscid__&wpcrid=xx&preurl=https%3A%2F%2Fsportsbook.draftkings.com%2Fevent%2F34206867%3Foutcomes%3D0HC84944534P50_3
2026-06-23T16:31:58.281970+00:00,760482,espn:fifa.world,2026-06-27T23:30Z,Congo DR,Uzbekistan,draftkings,DraftKings,2026-06-23T16:31:58.281970+00:00,totals,Over,over,2.5,110.0,2.1,0.47619047619047616,1.050658561296859,0.4532304725168756,https://sportsbook.draftkings.com/gateway?s=__s__&wpcid=__wpcid__&wpsrc=413&wpcn=ESPN&wpscn=Widget&wpcrn=BetSlipDeepLink&wpscid=__wpscid__&wpcrid=xx&preurl=https%3A%2F%2Fsportsbook.draftkings.com%2Fevent%2F34206867%3Foutcomes%3D0OU84944529O250_1
2026-06-23T16:31:58.281970+00:00,760482,espn:fifa.world,2026-06-27T23:30Z,Congo DR,Uzbekistan,draftkings,DraftKings,2026-06-23T16:31:58.281970+00:00,totals,Under,under,2.5,-135.0,1.7407407407407407,0.574468085106383,1.050658561296859,0.5467695274831245,https://sportsbook.draftkings.com/gateway?s=__s__&wpcid=__wpcid__&wpsrc=413&wpcn=ESPN&wpscn=Widget&wpcrn=BetSlipDeepLink&wpscid=__wpscid__&wpcrid=xx&preurl=https%3A%2F%2Fsportsbook.draftkings.com%2Fevent%2F34206867%3Foutcomes%3D0OU84944529U250_3
2026-06-23T16:31:58.281970+00:00,760484,espn:fifa.world,2026-06-28T02:00Z,Algeria,Austria,draftkings,DraftKings,2026-06-23T16:31:58.281970+00:00,h2h,Algeria,home_win,,275.0,3.75,0.26666666666666666,1.0430757745427397,0.25565416547380476,https://sportsbook.draftkings.com/gateway?s=__s__&wpcid=__wpcid__&wpsrc=413&wpcn=ESPN&wpscn=Widget&wpcrn=BetSlipDeepLink&wpscid=__wpscid__&wpcrid=xx&preurl=https%3A%2F%2Fsportsbook.draftkings.com%2Fevent%2F34206868%3Foutcomes%3D0ML84944367_1
2026-06-23T16:31:58.281970+00:00,760484,espn:fifa.world,2026-06-28T02:00Z,Algeria,Austria,draftkings,DraftKings,2026-06-23T16:31:58.281970+00:00,h2h,Draw,draw,,135.0,2.35,0.425531914893617,1.0430757745427397,0.4079587746922417,https://sportsbook.draftkings.com/gateway?s=__s__&wpcid=__wpcid__&wpsrc=413&wpcn=ESPN&wpscn=Widget&wpcrn=BetSlipDeepLink&wpscid=__wpscid__&wpcrid=xx&preurl=https%3A%2F%2Fsportsbook.draftkings.com%2Fevent%2F34206868%3Foutcomes%3D0ML84944367_2
2026-06-23T16:31:58.281970+00:00,760484,espn:fifa.world,2026-06-28T02:00Z,Algeria,Austria,draftkings,DraftKings,2026-06-23T16:31:58.281970+00:00,h2h,Austria,away_win,,185.0,2.85,0.3508771929824561,1.0430757745427397,0.33638705983395367,https://sportsbook.draftkings.com/gateway?s=__s__&wpcid=__wpcid__&wpsrc=413&wpcn=ESPN&wpscn=Widget&wpcrn=BetSlipDeepLink&wpscid=__wpscid__&wpcrid=xx&preurl=https%3A%2F%2Fsportsbook.draftkings.com%2Fevent%2F34206868%3Foutcomes%3D0ML84944367_3
2026-06-23T16:31:58.281970+00:00,760484,espn:fifa.world,2026-06-28T02:00Z,Algeria,Austria,draftkings,DraftKings,2026-06-23T16:31:58.281970+00:00,spreads,Algeria,home_spread,0.5,-225.0,1.4444444444444444,0.6923076923076923,1.0559440559440558,0.6556291390728477,https://sportsbook.draftkings.com/gateway?s=__s__&wpcid=__wpcid__&wpsrc=413&wpcn=ESPN&wpscn=Widget&wpcrn=BetSlipDeepLink&wpscid=__wpscid__&wpcrid=xx&preurl=https%3A%2F%2Fsportsbook.draftkings.com%2Fevent%2F34206868%3Foutcomes%3D0HC84944734P50_1
2026-06-23T16:31:58.281970+00:00,760484,espn:fifa.world,2026-06-28T02:00Z,Algeria,Austria,draftkings,DraftKings,2026-06-23T16:31:58.281970+00:00,spreads,Austria,away_spread,-0.5,175.0,2.75,0.36363636363636365,1.0559440559440558,0.34437086092715236,https://sportsbook.draftkings.com/gateway?s=__s__&wpcid=__wpcid__&wpsrc=413&wpcn=ESPN&wpscn=Widget&wpcrn=BetSlipDeepLink&wpscid=__wpscid__&wpcrid=xx&preurl=https%3A%2F%2Fsportsbook.draftkings.com%2Fevent%2F34206868%3Foutcomes%3D0HC84944734N50_3
2026-06-23T16:31:58.281970+00:00,760484,espn:fifa.world,2026-06-28T02:00Z,Algeria,Austria,draftkings,DraftKings,2026-06-23T16:31:58.281970+00:00,totals,Over,over,2.5,155.0,2.55,0.3921568627450981,1.0531738118976404,0.37235721047649106,https://sportsbook.draftkings.com/gateway?s=__s__&wpcid=__wpcid__&wpsrc=413&wpcn=ESPN&wpscn=Widget&wpcrn=BetSlipDeepLink&wpscid=__wpscid__&wpcrid=xx&preurl=https%3A%2F%2Fsportsbook.draftkings.com%2Fevent%2F34206868%3Foutcomes%3D0OU84944729O250_1
2026-06-23T16:31:58.281970+00:00,760484,espn:fifa.world,2026-06-28T02:00Z,Algeria,Austria,draftkings,DraftKings,2026-06-23T16:31:58.281970+00:00,totals,Under,under,2.5,-195.0,1.5128205128205128,0.6610169491525424,1.0531738118976404,0.627642789523509,https://sportsbook.draftkings.com/gateway?s=__s__&wpcid=__wpcid__&wpsrc=413&wpcn=ESPN&wpscn=Widget&wpcrn=BetSlipDeepLink&wpscid=__wpscid__&wpcrid=xx&preurl=https%3A%2F%2Fsportsbook.draftkings.com%2Fevent%2F34206868%3Foutcomes%3D0OU84944729U250_3
2026-06-23T16:31:58.281970+00:00,760483,espn:fifa.world,2026-06-28T02:00Z,Jordan,Argentina,draftkings,DraftKings,2026-06-23T16:31:58.281970+00:00,h2h,Jordan,home_win,,1200.0,13.0,0.07692307692307693,1.045867176301959,0.07354956601187758,https://sportsbook.draftkings.com/gateway?s=__s__&wpcid=__wpcid__&wpsrc=413&wpcn=ESPN&wpscn=Widget&wpcrn=BetSlipDeepLink&wpscid=__wpscid__&wpcrid=xx&preurl=https%3A%2F%2Fsportsbook.draftkings.com%2Fevent%2F34206869%3Foutcomes%3D0ML84944368_1
2026-06-23T16:31:58.281970+00:00,760483,espn:fifa.world,2026-06-28T02:00Z,Jordan,Argentina,draftkings,DraftKings,2026-06-23T16:31:58.281970+00:00,h2h,Draw,draw,,600.0,7.0,0.14285714285714285,1.045867176301959,0.1365920511649155,https://sportsbook.draftkings.com/gateway?s=__s__&wpcid=__wpcid__&wpsrc=413&wpcn=ESPN&wpscn=Widget&wpcrn=BetSlipDeepLink&wpscid=__wpscid__&wpcrid=xx&preurl=https%3A%2F%2Fsportsbook.draftkings.com%2Fevent%2F34206869%3Foutcomes%3D0ML84944368_2
2026-06-23T16:31:58.281970+00:00,760483,espn:fifa.world,2026-06-28T02:00Z,Jordan,Argentina,draftkings,DraftKings,2026-06-23T16:31:58.281970+00:00,h2h,Argentina,away_win,,-475.0,1.2105263157894737,0.8260869565217391,1.045867176301959,0.789858382823207,https://sportsbook.draftkings.com/gateway?s=__s__&wpcid=__wpcid__&wpsrc=413&wpcn=ESPN&wpscn=Widget&wpcrn=BetSlipDeepLink&wpscid=__wpscid__&wpcrid=xx&preurl=https%3A%2F%2Fsportsbook.draftkings.com%2Fevent%2F34206869%3Foutcomes%3D0ML84944368_3
2026-06-23T16:31:58.281970+00:00,760483,espn:fifa.world,2026-06-28T02:00Z,Jordan,Argentina,draftkings,DraftKings,2026-06-23T16:31:58.281970+00:00,spreads,Jordan,home_spread,1.5,120.0,2.2,0.45454545454545453,1.0623885918003566,0.42785234899328856,https://sportsbook.draftkings.com/gateway?s=__s__&wpcid=__wpcid__&wpsrc=413&wpcn=ESPN&wpscn=Widget&wpcrn=BetSlipDeepLink&wpscid=__wpscid__&wpcrid=xx&preurl=https%3A%2F%2Fsportsbook.draftkings.com%2Fevent%2F34206869%3Foutcomes%3D0HC84944509P150_1
2026-06-23T16:31:58.281970+00:00,760483,espn:fifa.world,2026-06-28T02:00Z,Jordan,Argentina,draftkings,DraftKings,2026-06-23T16:31:58.281970+00:00,spreads,Argentina,away_spread,-1.5,-155.0,1.6451612903225805,0.607843137254902,1.0623885918003566,0.5721476510067114,https://sportsbook.draftkings.com/gateway?s=__s__&wpcid=__wpcid__&wpsrc=413&wpcn=ESPN&wpscn=Widget&wpcrn=BetSlipDeepLink&wpscid=__wpscid__&wpcrid=xx&preurl=https%3A%2F%2Fsportsbook.draftkings.com%2Fevent%2F34206869%3Foutcomes%3D0HC84944509N150_3
2026-06-23T16:31:58.281970+00:00,760483,espn:fifa.world,2026-06-28T02:00Z,Jordan,Argentina,draftkings,DraftKings,2026-06-23T16:31:58.281970+00:00,totals,Over,over,2.5,-165.0,1.606060606060606,0.6226415094339623,1.0481734243275793,0.5940252776713904,https://sportsbook.draftkings.com/gateway?s=__s__&wpcid=__wpcid__&wpsrc=413&wpcn=ESPN&wpscn=Widget&wpcrn=BetSlipDeepLink&wpscid=__wpscid__&wpcrid=xx&preurl=https%3A%2F%2Fsportsbook.draftkings.com%2Fevent%2F34206869%3Foutcomes%3D0OU84944504O250_1
2026-06-23T16:31:58.281970+00:00,760483,espn:fifa.world,2026-06-28T02:00Z,Jordan,Argentina,draftkings,DraftKings,2026-06-23T16:31:58.281970+00:00,totals,Under,under,2.5,135.0,2.35,0.425531914893617,1.0481734243275793,0.4059747223286097,https://sportsbook.draftkings.com/gateway?s=__s__&wpcid=__wpcid__&wpsrc=413&wpcn=ESPN&wpscn=Widget&wpcrn=BetSlipDeepLink&wpscid=__wpscid__&wpcrid=xx&preurl=https%3A%2F%2Fsportsbook.draftkings.com%2Fevent%2F34206869%3Foutcomes%3D0OU84944504U250_3
