match_id,match_number,date,team,opponent,is_home,goals_for,goals_against,result,points,xg,pass_completion_pct,completed_line_breaks,defensive_line_breaks,final_third_receptions,crosses,ball_progressions,forced_turnovers,second_balls,distance_km,zone4_sprint_km,attempts,attempts_on_target,total_passes,completed_passes,defensive_pressures,direct_pressures,possession_pct,possession_contest_pct,xg_against,attempts_against,attempts_on_target_against,source_url,pdf_file
2026_M001,1,2026-06-11 00:00:00,Mexico,South Africa,True,2,0,W,3,1.78,90,105,10,117,13,23,31,56,107.3,5.3,16,4,547,495,170,26,57.1,6.8,0.1,3,2,https://www.fifatrainingcentre.com/media/native/tournaments/fifa-world-cup/2026/PMSR-M01 MEX V RSA.pdf,/Users/kyle/Documents/MyProjects/WorldCupPrediction/data/raw/fifa_reports/M001_PMSR-M01_MEX_V_RSA.pdf
2026_M001,1,2026-06-11 00:00:00,South Africa,Mexico,False,0,2,L,0,0.1,83,57,3,36,8,8,32,45,97.1,5.1,3,2,351,290,306,45,36.1,6.8,1.78,16,4,https://www.fifatrainingcentre.com/media/native/tournaments/fifa-world-cup/2026/PMSR-M01 MEX V RSA.pdf,/Users/kyle/Documents/MyProjects/WorldCupPrediction/data/raw/fifa_reports/M001_PMSR-M01_MEX_V_RSA.pdf
2026_M002,2,2026-06-11 00:00:00,Czechia,Korea Republic,False,1,2,L,0,0.64,74,54,5,77,15,10,40,78,117.6,6.0,7,4,327,241,301,54,34.2,10.1,1.77,15,6,https://www.fifatrainingcentre.com/media/native/tournaments/fifa-world-cup/2026/PMSR-M02 KOR V CZE .pdf,/Users/kyle/Documents/MyProjects/WorldCupPrediction/data/raw/fifa_reports/M002_PMSR-M02_KOR_V_CZE_.pdf
2026_M002,2,2026-06-11 00:00:00,Korea Republic,Czechia,True,2,1,W,3,1.77,89,92,10,125,17,27,30,49,111.8,5.4,15,6,542,483,147,22,55.8,10.1,0.64,7,4,https://www.fifatrainingcentre.com/media/native/tournaments/fifa-world-cup/2026/PMSR-M02 KOR V CZE .pdf,/Users/kyle/Documents/MyProjects/WorldCupPrediction/data/raw/fifa_reports/M002_PMSR-M02_KOR_V_CZE_.pdf
2026_M003,3,2026-06-12 00:00:00,Bosnia and Herzegovina,Canada,False,1,1,D,1,0.76,67,61,4,51,8,22,51,79,109.5,5.2,8,3,279,186,203,35,29.9,17.3,1.49,13,4,https://www.fifatrainingcentre.com/media/native/tournaments/fifa-world-cup/2026/PMSR-M03-CAN-V-BIH-V2.pdf,/Users/kyle/Documents/MyProjects/WorldCupPrediction/data/raw/fifa_reports/M003_PMSR-M03-CAN-V-BIH-V2.pdf
2026_M003,3,2026-06-12 00:00:00,Canada,Bosnia and Herzegovina,True,1,1,D,1,1.49,77,84,16,143,30,30,50,94,111.3,5.8,13,4,412,316,160,38,52.8,17.3,0.76,8,3,https://www.fifatrainingcentre.com/media/native/tournaments/fifa-world-cup/2026/PMSR-M03-CAN-V-BIH-V2.pdf,/Users/kyle/Documents/MyProjects/WorldCupPrediction/data/raw/fifa_reports/M003_PMSR-M03-CAN-V-BIH-V2.pdf
2026_M004,4,2026-06-12 00:00:00,Paraguay,USA,False,1,4,L,0,0.6,74,53,3,31,5,17,49,55,114.3,6.1,9,1,316,234,360,75,28.7,11.8,1.88,16,6,https://www.fifatrainingcentre.com/media/native/tournaments/fifa-world-cup/2026/PMSR-M04-USA-V-PAR.pdf,/Users/kyle/Documents/MyProjects/WorldCupPrediction/data/raw/fifa_reports/M004_PMSR-M04-USA-V-PAR.pdf
2026_M004,4,2026-06-12 00:00:00,USA,Paraguay,True,4,1,W,3,1.88,86,129,25,201,23,52,50,101,119.9,6.2,16,6,602,520,204,39,59.5,11.8,0.6,9,1,https://www.fifatrainingcentre.com/media/native/tournaments/fifa-world-cup/2026/PMSR-M04-USA-V-PAR.pdf,/Users/kyle/Documents/MyProjects/WorldCupPrediction/data/raw/fifa_reports/M004_PMSR-M04-USA-V-PAR.pdf
2026_M005,5,2026-06-13 00:00:00,Haiti,Scotland,True,0,1,L,0,0.7,88,84,4,116,26,24,29,53,113.7,5.9,15,2,431,378,185,35,51.6,7.9,0.91,9,2,https://www.fifatrainingcentre.com/media/native/tournaments/fifa-world-cup/2026/PMSR-M05-HAI-V-SCO.pdf,/Users/kyle/Documents/MyProjects/WorldCupPrediction/data/raw/fifa_reports/M005_PMSR-M05-HAI-V-SCO.pdf
2026_M005,5,2026-06-13 00:00:00,Scotland,Haiti,False,1,0,W,3,0.91,82,86,6,77,16,21,35,52,117.6,5.9,9,2,397,324,230,39,40.5,7.9,0.7,15,2,https://www.fifatrainingcentre.com/media/native/tournaments/fifa-world-cup/2026/PMSR-M05-HAI-V-SCO.pdf,/Users/kyle/Documents/MyProjects/WorldCupPrediction/data/raw/fifa_reports/M005_PMSR-M05-HAI-V-SCO.pdf
2026_M006,6,2026-06-13 00:00:00,Australia,Türkiye,True,2,0,W,3,0.99,76,56,10,68,14,22,35,62,116.6,5.6,9,4,293,224,384,57,27.0,10.1,1.66,30,7,https://www.fifatrainingcentre.com/media/native/tournaments/fifa-world-cup/2026/PMSR-M06-AUS-V-TUR.pdf,/Users/kyle/Documents/MyProjects/WorldCupPrediction/data/raw/fifa_reports/M006_PMSR-M06-AUS-V-TUR.pdf
2026_M006,6,2026-06-13 00:00:00,Türkiye,Australia,False,0,2,L,0,1.66,92,132,15,348,28,38,30,87,112.5,5.1,30,7,722,663,170,31,62.9,10.1,0.99,9,4,https://www.fifatrainingcentre.com/media/native/tournaments/fifa-world-cup/2026/PMSR-M06-AUS-V-TUR.pdf,/Users/kyle/Documents/MyProjects/WorldCupPrediction/data/raw/fifa_reports/M006_PMSR-M06-AUS-V-TUR.pdf
2026_M007,7,2026-06-13 00:00:00,Brazil,Morocco,True,1,1,D,1,0.99,89,89,11,100,19,30,41,56,113.7,6.8,12,5,514,457,315,54,46.7,8.1,1.33,14,3,https://www.fifatrainingcentre.com/media/native/tournaments/fifa-world-cup/2026/PMSR-M07-BRA-V-MAR POST-V2.pdf,/Users/kyle/Documents/MyProjects/WorldCupPrediction/data/raw/fifa_reports/M007_PMSR-M07-BRA-V-MAR_POST-V2.pdf
2026_M007,7,2026-06-13 00:00:00,Morocco,Brazil,False,1,1,D,1,1.33,86,81,5,149,14,49,50,79,114.9,6.5,14,3,503,431,285,41,45.2,8.1,0.99,12,5,https://www.fifatrainingcentre.com/media/native/tournaments/fifa-world-cup/2026/PMSR-M07-BRA-V-MAR POST-V2.pdf,/Users/kyle/Documents/MyProjects/WorldCupPrediction/data/raw/fifa_reports/M007_PMSR-M07-BRA-V-MAR_POST-V2.pdf
2026_M008,8,2026-06-13 00:00:00,Qatar,Switzerland,True,1,1,D,1,0.52,74,58,2,41,8,13,36,53,109.2,4.8,6,3,289,213,294,42,28.8,12.5,3.14,26,7,https://www.fifatrainingcentre.com/media/native/tournaments/fifa-world-cup/2026/PMSR-M08-QAT-V-SUI.pdf,/Users/kyle/Documents/MyProjects/WorldCupPrediction/data/raw/fifa_reports/M008_PMSR-M08-QAT-V-SUI.pdf
2026_M008,8,2026-06-13 00:00:00,Switzerland,Qatar,False,1,1,D,1,3.14,92,122,17,245,34,31,42,70,109.4,5.6,26,7,591,542,165,33,58.7,12.5,0.52,6,3,https://www.fifatrainingcentre.com/media/native/tournaments/fifa-world-cup/2026/PMSR-M08-QAT-V-SUI.pdf,/Users/kyle/Documents/MyProjects/WorldCupPrediction/data/raw/fifa_reports/M008_PMSR-M08-QAT-V-SUI.pdf
2026_M009,9,2026-06-14 00:00:00,Côte d'Ivoire,Ecuador,True,1,0,W,3,1.88,88,113,11,120,15,39,44,63,109.6,5.8,15,4,471,413,288,31,41.9,8.2,1.36,12,1,https://www.fifatrainingcentre.com/media/native/tournaments/fifa-world-cup/2026/PMSR-M09-CIV-V-ECU.pdf,/Users/kyle/Documents/MyProjects/WorldCupPrediction/data/raw/fifa_reports/M009_PMSR-M09-CIV-V-ECU.pdf
2026_M009,9,2026-06-14 00:00:00,Ecuador,Côte d'Ivoire,False,0,1,L,0,1.36,85,106,8,97,14,16,49,60,108.4,5.7,12,1,513,438,280,61,49.9,8.2,1.88,15,4,https://www.fifatrainingcentre.com/media/native/tournaments/fifa-world-cup/2026/PMSR-M09-CIV-V-ECU.pdf,/Users/kyle/Documents/MyProjects/WorldCupPrediction/data/raw/fifa_reports/M009_PMSR-M09-CIV-V-ECU.pdf
2026_M010,10,2026-06-14 00:00:00,Curaçao,Germany,False,1,7,L,0,0.4,80,72,6,61,5,34,43,58,103.5,5.0,8,2,362,291,339,48,35.3,6.9,4.17,26,12,https://www.fifatrainingcentre.com/media/native/tournaments/fifa-world-cup/2026/PMSR-M10-GER-V-CUW-V2.pdf,/Users/kyle/Documents/MyProjects/WorldCupPrediction/data/raw/fifa_reports/M010_PMSR-M10-GER-V-CUW-V2.pdf
2026_M010,10,2026-06-14 00:00:00,Germany,Curaçao,True,7,1,W,3,4.17,89,125,18,252,20,32,46,82,116.2,6.3,26,12,641,569,227,55,57.8,6.9,0.4,8,2,https://www.fifatrainingcentre.com/media/native/tournaments/fifa-world-cup/2026/PMSR-M10-GER-V-CUW-V2.pdf,/Users/kyle/Documents/MyProjects/WorldCupPrediction/data/raw/fifa_reports/M010_PMSR-M10-GER-V-CUW-V2.pdf
2026_M011,11,2026-06-14 00:00:00,Japan,Netherlands,False,2,2,D,1,0.34,85,72,13,120,24,21,28,50,109.4,5.1,9,2,356,302,316,46,37.4,7.7,0.63,10,6,https://www.fifatrainingcentre.com/media/native/tournaments/fifa-world-cup/2026/PMSR-M11-NED-V-JPN.pdf,/Users/kyle/Documents/MyProjects/WorldCupPrediction/data/raw/fifa_reports/M011_PMSR-M11-NED-V-JPN.pdf
2026_M011,11,2026-06-14 00:00:00,Netherlands,Japan,True,2,2,D,1,0.63,89,88,13,156,23,23,33,49,102.9,4.6,10,6,529,473,194,30,54.9,7.7,0.34,9,2,https://www.fifatrainingcentre.com/media/native/tournaments/fifa-world-cup/2026/PMSR-M11-NED-V-JPN.pdf,/Users/kyle/Documents/MyProjects/WorldCupPrediction/data/raw/fifa_reports/M011_PMSR-M11-NED-V-JPN.pdf
2026_M012,12,2026-06-14 00:00:00,Sweden,Tunisia,True,5,1,W,3,2.09,81,71,13,103,12,26,42,69,111.3,5.1,13,7,356,290,172,44,47.4,9.9,0.34,6,2,https://www.fifatrainingcentre.com/media/native/tournaments/fifa-world-cup/2026/PMSR-M12-SWE-V-TUN.pdf,/Users/kyle/Documents/MyProjects/WorldCupPrediction/data/raw/fifa_reports/M012_PMSR-M12-SWE-V-TUN.pdf
2026_M012,12,2026-06-14 00:00:00,Tunisia,Sweden,False,1,5,L,0,0.34,81,76,5,84,13,19,41,67,109.7,5.9,6,2,370,299,223,45,42.7,9.9,2.09,13,7,https://www.fifatrainingcentre.com/media/native/tournaments/fifa-world-cup/2026/PMSR-M12-SWE-V-TUN.pdf,/Users/kyle/Documents/MyProjects/WorldCupPrediction/data/raw/fifa_reports/M012_PMSR-M12-SWE-V-TUN.pdf
2026_M013,13,2026-06-15 00:00:00,Saudi Arabia,Uruguay,True,1,1,D,1,1.06,73,54,3,60,6,13,44,58,109.5,4.7,7,3,331,243,318,40,27.1,9.6,1.5,27,10,https://www.fifatrainingcentre.com/media/native/tournaments/fifa-world-cup/2026/PMSR-M13-KSA-V-URU.pdf,/Users/kyle/Documents/MyProjects/WorldCupPrediction/data/raw/fifa_reports/M013_PMSR-M13-KSA-V-URU.pdf
2026_M013,13,2026-06-15 00:00:00,Uruguay,Saudi Arabia,False,1,1,D,1,1.5,91,128,16,222,42,32,39,67,110.9,5.2,27,10,623,566,157,23,63.3,9.6,1.06,7,3,https://www.fifatrainingcentre.com/media/native/tournaments/fifa-world-cup/2026/PMSR-M13-KSA-V-URU.pdf,/Users/kyle/Documents/MyProjects/WorldCupPrediction/data/raw/fifa_reports/M013_PMSR-M13-KSA-V-URU.pdf
2026_M014,14,2026-06-15 00:00:00,Cabo Verde,Spain,False,0,0,D,1,0.13,74,57,1,17,3,23,47,54,112.4,4.2,6,1,306,227,398,44,25.4,8.9,2.26,27,7,https://www.fifatrainingcentre.com/media/native/tournaments/fifa-world-cup/2026/PMSR-M14-ESP-V-CPV.pdf,/Users/kyle/Documents/MyProjects/WorldCupPrediction/data/raw/fifa_reports/M014_PMSR-M14-ESP-V-CPV.pdf
2026_M014,14,2026-06-15 00:00:00,Spain,Cabo Verde,True,0,0,D,1,2.26,93,144,28,426,39,23,53,83,115.5,5.0,27,7,811,755,200,37,65.7,8.9,0.13,6,1,https://www.fifatrainingcentre.com/media/native/tournaments/fifa-world-cup/2026/PMSR-M14-ESP-V-CPV.pdf,/Users/kyle/Documents/MyProjects/WorldCupPrediction/data/raw/fifa_reports/M014_PMSR-M14-ESP-V-CPV.pdf
2026_M015,15,2026-06-15 00:00:00,IR Iran,New Zealand,True,2,2,D,1,1.85,80,75,15,98,18,31,46,83,113.0,6.1,17,4,417,333,253,54,43.3,11.4,1.47,14,8,https://www.fifatrainingcentre.com/media/native/tournaments/fifa-world-cup/2026/PMSR-M15-IRN-V-NZL.pdf,/Users/kyle/Documents/MyProjects/WorldCupPrediction/data/raw/fifa_reports/M015_PMSR-M15-IRN-V-NZL.pdf
2026_M015,15,2026-06-15 00:00:00,New Zealand,IR Iran,False,2,2,D,1,1.47,84,89,3,104,11,22,47,67,112.9,6.6,14,8,448,378,234,42,45.3,11.4,1.85,17,4,https://www.fifatrainingcentre.com/media/native/tournaments/fifa-world-cup/2026/PMSR-M15-IRN-V-NZL.pdf,/Users/kyle/Documents/MyProjects/WorldCupPrediction/data/raw/fifa_reports/M015_PMSR-M15-IRN-V-NZL.pdf
2026_M016,16,2026-06-15 00:00:00,Belgium,Egypt,True,1,1,D,1,1.07,87,106,14,181,15,36,41,70,113.3,6.3,15,4,476,415,227,44,45.5,16.4,0.73,14,3,https://www.fifatrainingcentre.com/media/native/tournaments/fifa-world-cup/2026/PMSR-M16-BEL-V-EGY.pdf,/Users/kyle/Documents/MyProjects/WorldCupPrediction/data/raw/fifa_reports/M016_PMSR-M16-BEL-V-EGY.pdf
2026_M016,16,2026-06-15 00:00:00,Egypt,Belgium,False,1,1,D,1,0.73,82,78,11,96,17,22,52,66,111.3,6.2,14,3,411,339,258,68,38.1,16.4,1.07,15,4,https://www.fifatrainingcentre.com/media/native/tournaments/fifa-world-cup/2026/PMSR-M16-BEL-V-EGY.pdf,/Users/kyle/Documents/MyProjects/WorldCupPrediction/data/raw/fifa_reports/M016_PMSR-M16-BEL-V-EGY.pdf
2026_M017,17,2026-06-16 00:00:00,France,Senegal,True,3,1,W,3,1.62,88,118,11,99,9,37,54,67,120.2,7.0,11,8,584,516,277,49,49.4,6.2,0.39,6,2,https://www.fifatrainingcentre.com/media/native/tournaments/fifa-world-cup/2026/PMSR-M17-FRA-V-SEN.pdf,/Users/kyle/Documents/MyProjects/WorldCupPrediction/data/raw/fifa_reports/M017_PMSR-M17-FRA-V-SEN.pdf
2026_M017,17,2026-06-16 00:00:00,Senegal,France,False,1,3,L,0,0.39,87,101,11,78,11,28,39,64,116.7,6.2,6,2,521,453,308,44,44.5,6.2,1.62,11,8,https://www.fifatrainingcentre.com/media/native/tournaments/fifa-world-cup/2026/PMSR-M17-FRA-V-SEN.pdf,/Users/kyle/Documents/MyProjects/WorldCupPrediction/data/raw/fifa_reports/M017_PMSR-M17-FRA-V-SEN.pdf
2026_M018,18,2026-06-16 00:00:00,Iraq,Norway,True,1,4,L,0,1.2,82,70,11,72,9,24,42,52,111.7,5.6,11,1,347,286,288,64,34.7,8.1,2.41,11,5,https://www.fifatrainingcentre.com/media/native/tournaments/fifa-world-cup/2026/PMSR-M18-IRQ-V-NOR.pdf,/Users/kyle/Documents/MyProjects/WorldCupPrediction/data/raw/fifa_reports/M018_PMSR-M18-IRQ-V-NOR.pdf
2026_M018,18,2026-06-16 00:00:00,Norway,Iraq,False,4,1,W,3,2.41,90,116,16,101,17,34,31,52,116.3,5.3,11,5,548,493,173,34,57.2,8.1,1.2,11,1,https://www.fifatrainingcentre.com/media/native/tournaments/fifa-world-cup/2026/PMSR-M18-IRQ-V-NOR.pdf,/Users/kyle/Documents/MyProjects/WorldCupPrediction/data/raw/fifa_reports/M018_PMSR-M18-IRQ-V-NOR.pdf
2026_M019,19,2026-06-16 00:00:00,Algeria,Argentina,False,0,3,L,0,0.41,91,115,7,160,8,40,40,59,109.3,5.2,7,1,634,578,332,37,50.8,4.6,1.58,10,6,https://www.fifatrainingcentre.com/media/native/tournaments/fifa-world-cup/2026/PMSR-M19-ARG-V-ALG.pdf,/Users/kyle/Documents/MyProjects/WorldCupPrediction/data/raw/fifa_reports/M019_PMSR-M19-ARG-V-ALG.pdf
2026_M019,19,2026-06-16 00:00:00,Argentina,Algeria,True,3,0,W,3,1.58,89,102,8,68,5,18,46,50,108.4,4.4,10,6,578,517,288,57,44.6,4.6,0.41,7,1,https://www.fifatrainingcentre.com/media/native/tournaments/fifa-world-cup/2026/PMSR-M19-ARG-V-ALG.pdf,/Users/kyle/Documents/MyProjects/WorldCupPrediction/data/raw/fifa_reports/M019_PMSR-M19-ARG-V-ALG.pdf
2026_M020,20,2026-06-16 00:00:00,Austria,Jordan,True,3,1,W,3,1.93,85,112,14,132,17,35,54,83,120.4,6.7,10,4,587,499,206,44,53.3,13.6,0.53,11,4,https://www.fifatrainingcentre.com/media/native/tournaments/fifa-world-cup/2026/PMSR-M20-AUT-V-JOR-V3.pdf,/Users/kyle/Documents/MyProjects/WorldCupPrediction/data/raw/fifa_reports/M020_PMSR-M20-AUT-V-JOR-V3.pdf
2026_M020,20,2026-06-16 00:00:00,Jordan,Austria,False,1,3,L,0,0.53,74,63,4,91,15,23,55,85,119.2,6.7,11,4,344,254,322,42,33.0,13.6,1.93,10,4,https://www.fifatrainingcentre.com/media/native/tournaments/fifa-world-cup/2026/PMSR-M20-AUT-V-JOR-V3.pdf,/Users/kyle/Documents/MyProjects/WorldCupPrediction/data/raw/fifa_reports/M020_PMSR-M20-AUT-V-JOR-V3.pdf
2026_M021,21,2026-06-17 00:00:00,Ghana,Panama,True,1,0,W,3,0.98,84,70,12,66,17,36,49,70,119.0,6.2,7,2,362,304,294,60,35.6,8.9,0.77,11,4,https://www.fifatrainingcentre.com/media/native/tournaments/fifa-world-cup/2026/PMSR-M21-GHA-V-PAN-V2.pdf,/Users/kyle/Documents/MyProjects/WorldCupPrediction/data/raw/fifa_reports/M021_PMSR-M21-GHA-V-PAN-V2.pdf
2026_M021,21,2026-06-17 00:00:00,Panama,Ghana,False,0,1,L,0,0.77,88,105,8,114,21,22,48,75,117.3,5.7,11,4,597,526,201,62,55.5,8.9,0.98,7,2,https://www.fifatrainingcentre.com/media/native/tournaments/fifa-world-cup/2026/PMSR-M21-GHA-V-PAN-V2.pdf,/Users/kyle/Documents/MyProjects/WorldCupPrediction/data/raw/fifa_reports/M021_PMSR-M21-GHA-V-PAN-V2.pdf
2026_M022,22,2026-06-17 00:00:00,Croatia,England,False,2,4,L,0,0.82,87,85,8,89,12,20,35,48,113.7,6.4,10,5,459,399,295,50,43.5,7.5,3.33,22,11,https://www.fifatrainingcentre.com/media/native/tournaments/fifa-world-cup/2026/PMSR-M22-ENG-V-CRO.pdf,/Users/kyle/Documents/MyProjects/WorldCupPrediction/data/raw/fifa_reports/M022_PMSR-M22-ENG-V-CRO.pdf
2026_M022,22,2026-06-17 00:00:00,England,Croatia,True,4,2,W,3,3.33,87,82,11,78,15,23,36,63,117.0,6.6,22,11,482,421,262,38,49.0,7.5,0.82,10,5,https://www.fifatrainingcentre.com/media/native/tournaments/fifa-world-cup/2026/PMSR-M22-ENG-V-CRO.pdf,/Users/kyle/Documents/MyProjects/WorldCupPrediction/data/raw/fifa_reports/M022_PMSR-M22-ENG-V-CRO.pdf
2026_M023,23,2026-06-17 00:00:00,Congo DR,Portugal,False,1,1,D,1,0.54,80,60,4,62,10,24,42,46,112.4,6.0,8,2,268,214,407,41,25.3,5.8,0.57,7,1,https://www.fifatrainingcentre.com/media/native/tournaments/fifa-world-cup/2026/PMSR-M23-POR-V-COD.pdf,/Users/kyle/Documents/MyProjects/WorldCupPrediction/data/raw/fifa_reports/M023_PMSR-M23-POR-V-COD.pdf
2026_M023,23,2026-06-17 00:00:00,Portugal,Congo DR,True,1,1,D,1,0.57,92,146,18,222,23,27,29,70,109.8,5.7,7,1,804,740,183,24,68.9,5.8,0.54,8,2,https://www.fifatrainingcentre.com/media/native/tournaments/fifa-world-cup/2026/PMSR-M23-POR-V-COD.pdf,/Users/kyle/Documents/MyProjects/WorldCupPrediction/data/raw/fifa_reports/M023_PMSR-M23-POR-V-COD.pdf
2026_M024,24,2026-06-17 00:00:00,Colombia,Uzbekistan,False,3,1,W,3,1.16,88,72,3,110,18,23,31,60,108.7,4.7,15,4,534,469,160,32,56.7,9.4,1.11,8,2,https://www.fifatrainingcentre.com/media/native/tournaments/fifa-world-cup/2026/PMSR-M24-UZB-V-COL-V2.pdf,/Users/kyle/Documents/MyProjects/WorldCupPrediction/data/raw/fifa_reports/M024_PMSR-M24-UZB-V-COL-V2.pdf
2026_M024,24,2026-06-17 00:00:00,Uzbekistan,Colombia,True,1,3,L,0,1.11,80,70,6,64,11,20,32,40,112.0,4.5,8,2,334,267,264,36,33.9,9.4,1.16,15,4,https://www.fifatrainingcentre.com/media/native/tournaments/fifa-world-cup/2026/PMSR-M24-UZB-V-COL-V2.pdf,/Users/kyle/Documents/MyProjects/WorldCupPrediction/data/raw/fifa_reports/M024_PMSR-M24-UZB-V-COL-V2.pdf
2026_M025,25,2026-06-18 00:00:00,Czechia,South Africa,True,1,1,D,1,1.36,79,87,6,73,15,22,41,64,119.6,6.6,14,3,352,279,343,40,32.4,7.4,1.34,17,4,https://www.fifatrainingcentre.com/media/native/tournaments/fifa-world-cup/2026/PMSR-M25-CZE-V-RSA.pdf,/Users/kyle/Documents/MyProjects/WorldCupPrediction/data/raw/fifa_reports/M025_PMSR-M25-CZE-V-RSA.pdf
2026_M025,25,2026-06-18 00:00:00,South Africa,Czechia,False,1,1,D,1,1.34,89,114,8,126,16,20,44,66,112.0,5.9,17,4,584,518,233,41,60.3,7.4,1.36,14,3,https://www.fifatrainingcentre.com/media/native/tournaments/fifa-world-cup/2026/PMSR-M25-CZE-V-RSA.pdf,/Users/kyle/Documents/MyProjects/WorldCupPrediction/data/raw/fifa_reports/M025_PMSR-M25-CZE-V-RSA.pdf
2026_M026,26,2026-06-18 00:00:00,Bosnia and Herzegovina,Switzerland,False,1,4,L,0,0.3,81,69,6,61,14,24,42,62,113.1,5.6,5,3,359,289,339,48,34.1,8.1,1.85,13,7,https://www.fifatrainingcentre.com/media/native/tournaments/fifa-world-cup/2026/PMSR-M26-SUI-V-BIH.pdf,/Users/kyle/Documents/MyProjects/WorldCupPrediction/data/raw/fifa_reports/M026_PMSR-M26-SUI-V-BIH.pdf
2026_M026,26,2026-06-18 00:00:00,Switzerland,Bosnia and Herzegovina,True,4,1,W,3,1.85,88,115,18,166,24,24,46,70,114.9,5.8,13,7,601,531,234,40,57.8,8.1,0.3,5,3,https://www.fifatrainingcentre.com/media/native/tournaments/fifa-world-cup/2026/PMSR-M26-SUI-V-BIH.pdf,/Users/kyle/Documents/MyProjects/WorldCupPrediction/data/raw/fifa_reports/M026_PMSR-M26-SUI-V-BIH.pdf
2026_M027,27,2026-06-18 00:00:00,Canada,Qatar,True,6,0,W,3,3.9,93,131,23,416,61,16,31,89,111.2,5.7,33,11,575,535,107,27,65.8,13.7,0.2,2,0,https://www.fifatrainingcentre.com/media/native/tournaments/fifa-world-cup/2026/PMSR-M27-CAN-V-QAT.pdf,/Users/kyle/Documents/MyProjects/WorldCupPrediction/data/raw/fifa_reports/M027_PMSR-M27-CAN-V-QAT.pdf
2026_M027,27,2026-06-18 00:00:00,Qatar,Canada,False,0,6,L,0,0.2,64,23,3,11,2,7,23,34,90.8,3.7,2,0,166,107,274,43,20.5,13.7,3.9,33,11,https://www.fifatrainingcentre.com/media/native/tournaments/fifa-world-cup/2026/PMSR-M27-CAN-V-QAT.pdf,/Users/kyle/Documents/MyProjects/WorldCupPrediction/data/raw/fifa_reports/M027_PMSR-M27-CAN-V-QAT.pdf
2026_M028,28,2026-06-18 00:00:00,Korea Republic,Mexico,False,0,1,L,0,0.87,86,75,9,84,8,16,48,62,112.1,5.3,9,2,593,510,217,37,51.8,7.3,0.34,8,4,https://www.fifatrainingcentre.com/media/native/tournaments/fifa-world-cup/2026/PMSR-M28-MEX-V-KOR.pdf,/Users/kyle/Documents/MyProjects/WorldCupPrediction/data/raw/fifa_reports/M028_PMSR-M28-MEX-V-KOR.pdf
2026_M028,28,2026-06-18 00:00:00,Mexico,Korea Republic,True,1,0,W,3,0.34,83,76,4,56,5,18,46,69,116.5,5.3,8,4,432,360,265,39,40.8,7.3,0.87,9,2,https://www.fifatrainingcentre.com/media/native/tournaments/fifa-world-cup/2026/PMSR-M28-MEX-V-KOR.pdf,/Users/kyle/Documents/MyProjects/WorldCupPrediction/data/raw/fifa_reports/M028_PMSR-M28-MEX-V-KOR.pdf
2026_M029,29,2026-06-19 00:00:00,Brazil,Haiti,True,3,0,W,3,1.42,88,105,13,84,11,21,39,50,113.6,5.9,7,4,551,484,195,32,49.0,7.8,0.26,7,3,https://www.fifatrainingcentre.com/media/native/tournaments/fifa-world-cup/2026/PMSR-M29-BRA-V-HAI.pdf,/Users/kyle/Documents/MyProjects/WorldCupPrediction/data/raw/fifa_reports/M029_PMSR-M29-BRA-V-HAI.pdf
2026_M029,29,2026-06-19 00:00:00,Haiti,Brazil,False,0,3,L,0,0.26,84,84,10,88,13,29,34,63,112.8,6.1,7,3,402,338,294,58,43.2,7.8,1.42,7,4,https://www.fifatrainingcentre.com/media/native/tournaments/fifa-world-cup/2026/PMSR-M29-BRA-V-HAI.pdf,/Users/kyle/Documents/MyProjects/WorldCupPrediction/data/raw/fifa_reports/M029_PMSR-M29-BRA-V-HAI.pdf
2026_M030,30,2026-06-19 00:00:00,Morocco,Scotland,False,1,0,W,3,0.8,91,83,8,99,13,32,40,61,115.4,6.4,12,2,676,612,260,56,54.8,6.1,0.74,6,0,https://www.fifatrainingcentre.com/media/native/tournaments/fifa-world-cup/2026/PMSR-M30-SCO-V-MAR.pdf,/Users/kyle/Documents/MyProjects/WorldCupPrediction/data/raw/fifa_reports/M030_PMSR-M30-SCO-V-MAR.pdf
2026_M030,30,2026-06-19 00:00:00,Scotland,Morocco,True,0,1,L,0,0.74,88,87,5,77,13,26,39,49,117.8,5.9,6,0,460,403,304,36,39.1,6.1,0.8,12,2,https://www.fifatrainingcentre.com/media/native/tournaments/fifa-world-cup/2026/PMSR-M30-SCO-V-MAR.pdf,/Users/kyle/Documents/MyProjects/WorldCupPrediction/data/raw/fifa_reports/M030_PMSR-M30-SCO-V-MAR.pdf
2026_M031,31,2026-06-19 00:00:00,Paraguay,Türkiye,False,1,0,W,3,0.36,54,45,3,40,9,17,50,61,117.0,6.3,7,2,171,92,367,69,19.2,13.1,2.13,32,5,https://www.fifatrainingcentre.com/media/native/tournaments/fifa-world-cup/2026/PMSR-M31-TUR-V-PAR.pdf,/Users/kyle/Documents/MyProjects/WorldCupPrediction/data/raw/fifa_reports/M031_PMSR-M31-TUR-V-PAR.pdf
2026_M031,31,2026-06-19 00:00:00,Türkiye,Paraguay,True,0,1,L,0,2.13,89,153,17,319,45,43,41,92,123.3,5.4,32,5,666,594,101,36,67.7,13.1,0.36,7,2,https://www.fifatrainingcentre.com/media/native/tournaments/fifa-world-cup/2026/PMSR-M31-TUR-V-PAR.pdf,/Users/kyle/Documents/MyProjects/WorldCupPrediction/data/raw/fifa_reports/M031_PMSR-M31-TUR-V-PAR.pdf
2026_M032,32,2026-06-19 00:00:00,Australia,USA,False,0,2,L,0,0.31,77,71,11,89,20,31,40,70,112.8,6.2,5,2,308,238,262,40,30.3,13.7,1.58,10,2,https://www.fifatrainingcentre.com/media/native/tournaments/fifa-world-cup/2026/PMSR-M32-USA-V-AUS.pdf,/Users/kyle/Documents/MyProjects/WorldCupPrediction/data/raw/fifa_reports/M032_PMSR-M32-USA-V-AUS.pdf
2026_M032,32,2026-06-19 00:00:00,USA,Australia,True,2,0,W,3,1.58,88,95,17,126,15,33,39,65,111.1,5.5,10,2,531,465,167,50,56.0,13.7,0.31,5,2,https://www.fifatrainingcentre.com/media/native/tournaments/fifa-world-cup/2026/PMSR-M32-USA-V-AUS.pdf,/Users/kyle/Documents/MyProjects/WorldCupPrediction/data/raw/fifa_reports/M032_PMSR-M32-USA-V-AUS.pdf
2026_M033,33,2026-06-20 00:00:00,Côte d'Ivoire,Germany,False,1,2,L,0,1.27,86,92,9,92,12,50,43,60,113.1,5.3,9,2,449,387,316,57,41.2,9.3,2.47,16,7,https://www.fifatrainingcentre.com/media/native/tournaments/fifa-world-cup/2026/PMSR-M33-GER-V-CIV.pdf,/Users/kyle/Documents/MyProjects/WorldCupPrediction/data/raw/fifa_reports/M033_PMSR-M33-GER-V-CIV.pdf
2026_M033,33,2026-06-20 00:00:00,Germany,Côte d'Ivoire,True,2,1,W,3,2.47,91,133,13,215,20,28,47,69,125.8,7.6,16,7,634,578,293,59,49.5,9.3,1.27,9,2,https://www.fifatrainingcentre.com/media/native/tournaments/fifa-world-cup/2026/PMSR-M33-GER-V-CIV.pdf,/Users/kyle/Documents/MyProjects/WorldCupPrediction/data/raw/fifa_reports/M033_PMSR-M33-GER-V-CIV.pdf
2026_M034,34,2026-06-20 00:00:00,Curaçao,Ecuador,False,0,0,D,1,0.63,70,59,1,50,1,31,35,60,106.1,5.2,10,3,237,167,345,50,23.4,10.8,2.76,27,15,https://www.fifatrainingcentre.com/media/native/tournaments/fifa-world-cup/2026/PMSR-M34-ECU-V-CUW.pdf,/Users/kyle/Documents/MyProjects/WorldCupPrediction/data/raw/fifa_reports/M034_PMSR-M34-ECU-V-CUW.pdf
2026_M034,34,2026-06-20 00:00:00,Ecuador,Curaçao,True,0,0,D,1,2.76,91,125,19,238,33,41,43,92,103.7,5.4,27,15,663,601,155,49,65.8,10.8,0.63,10,3,https://www.fifatrainingcentre.com/media/native/tournaments/fifa-world-cup/2026/PMSR-M34-ECU-V-CUW.pdf,/Users/kyle/Documents/MyProjects/WorldCupPrediction/data/raw/fifa_reports/M034_PMSR-M34-ECU-V-CUW.pdf
2026_M035,35,2026-06-20 00:00:00,Netherlands,Sweden,True,5,1,W,3,2.25,89,96,14,97,19,25,47,54,108.4,5.5,10,7,447,398,232,38,48.2,8.5,1.3,16,8,https://www.fifatrainingcentre.com/media/native/tournaments/fifa-world-cup/2026/PMSR-M35-NED-V-SWE.pdf,/Users/kyle/Documents/MyProjects/WorldCupPrediction/data/raw/fifa_reports/M035_PMSR-M35-NED-V-SWE.pdf
2026_M035,35,2026-06-20 00:00:00,Sweden,Netherlands,False,1,5,L,0,1.3,86,100,12,118,23,20,37,53,110.1,5.7,16,8,438,377,228,38,43.3,8.5,2.25,10,7,https://www.fifatrainingcentre.com/media/native/tournaments/fifa-world-cup/2026/PMSR-M35-NED-V-SWE.pdf,/Users/kyle/Documents/MyProjects/WorldCupPrediction/data/raw/fifa_reports/M035_PMSR-M35-NED-V-SWE.pdf
2026_M036,36,2026-06-20 00:00:00,Japan,Tunisia,False,4,0,W,3,1.36,90,85,10,119,12,17,35,52,112.2,5.3,10,4,593,535,219,50,55.1,8.5,0.02,2,0,https://www.fifatrainingcentre.com/media/native/tournaments/fifa-world-cup/2026/PMSR-M36-TUN-V-JPN.pdf,/Users/kyle/Documents/MyProjects/WorldCupPrediction/data/raw/fifa_reports/M036_PMSR-M36-TUN-V-JPN.pdf
2026_M036,36,2026-06-20 00:00:00,Tunisia,Japan,True,0,4,L,0,0.02,81,58,6,55,9,13,34,45,112.4,5.5,2,0,376,305,233,35,36.4,8.5,1.36,10,4,https://www.fifatrainingcentre.com/media/native/tournaments/fifa-world-cup/2026/PMSR-M36-TUN-V-JPN.pdf,/Users/kyle/Documents/MyProjects/WorldCupPrediction/data/raw/fifa_reports/M036_PMSR-M36-TUN-V-JPN.pdf
2026_M037,37,2026-06-21 00:00:00,Cabo Verde,Uruguay,False,2,2,D,1,0.54,74,62,2,47,8,29,46,61,107.4,4.7,12,4,293,218,233,39,33.4,11.7,2.23,17,2,https://www.fifatrainingcentre.com/media/native/tournaments/fifa-world-cup/2026/PMSR-M37-URU-V-CPV.pdf,/Users/kyle/Documents/MyProjects/WorldCupPrediction/data/raw/fifa_reports/M037_PMSR-M37-URU-V-CPV.pdf
2026_M037,37,2026-06-21 00:00:00,Uruguay,Cabo Verde,True,2,2,D,1,2.23,86,92,16,183,27,31,41,78,112.8,6.7,17,2,517,444,198,43,54.9,11.7,0.54,12,4,https://www.fifatrainingcentre.com/media/native/tournaments/fifa-world-cup/2026/PMSR-M37-URU-V-CPV.pdf,/Users/kyle/Documents/MyProjects/WorldCupPrediction/data/raw/fifa_reports/M037_PMSR-M37-URU-V-CPV.pdf
2026_M038,38,2026-06-21 00:00:00,Saudi Arabia,Spain,False,0,4,L,0,0.11,79,77,7,63,4,19,42,54,115.0,6.7,3,2,389,309,413,34,30.0,6.9,3.2,22,8,https://www.fifatrainingcentre.com/media/native/tournaments/fifa-world-cup/2026/PMSR-M38-ESP-V-KSA.pdf,/Users/kyle/Documents/MyProjects/WorldCupPrediction/data/raw/fifa_reports/M038_PMSR-M38-ESP-V-KSA.pdf
2026_M038,38,2026-06-21 00:00:00,Spain,Saudi Arabia,True,4,0,W,3,3.2,93,159,18,259,28,25,44,87,115.5,5.9,22,8,743,688,214,30,63.2,6.9,0.11,3,2,https://www.fifatrainingcentre.com/media/native/tournaments/fifa-world-cup/2026/PMSR-M38-ESP-V-KSA.pdf,/Users/kyle/Documents/MyProjects/WorldCupPrediction/data/raw/fifa_reports/M038_PMSR-M38-ESP-V-KSA.pdf
2026_M039,39,2026-06-21 00:00:00,Belgium,IR Iran,True,0,0,D,1,1.48,88,120,11,267,35,33,45,90,111.7,5.2,23,7,637,562,121,13,59.2,10.6,0.48,7,3,https://www.fifatrainingcentre.com/media/native/tournaments/fifa-world-cup/2026/PMSR-M39-BEL-V-IRN.pdf,/Users/kyle/Documents/MyProjects/WorldCupPrediction/data/raw/fifa_reports/M039_PMSR-M39-BEL-V-IRN.pdf
2026_M039,39,2026-06-21 00:00:00,IR Iran,Belgium,False,0,0,D,1,0.48,73,40,3,46,11,9,43,59,112.6,5.2,7,3,275,201,343,49,30.2,10.6,1.48,23,7,https://www.fifatrainingcentre.com/media/native/tournaments/fifa-world-cup/2026/PMSR-M39-BEL-V-IRN.pdf,/Users/kyle/Documents/MyProjects/WorldCupPrediction/data/raw/fifa_reports/M039_PMSR-M39-BEL-V-IRN.pdf
2026_M040,40,2026-06-21 00:00:00,Egypt,New Zealand,False,3,1,W,3,2.1,89,110,9,167,20,17,51,72,118.3,7.1,19,7,544,486,249,45,50.3,10.3,0.71,11,5,https://www.fifatrainingcentre.com/media/native/tournaments/fifa-world-cup/2026/PMSR-M40-NZL-V-EGY.pdf,/Users/kyle/Documents/MyProjects/WorldCupPrediction/data/raw/fifa_reports/M040_PMSR-M40-NZL-V-EGY.pdf
2026_M040,40,2026-06-21 00:00:00,New Zealand,Egypt,True,1,3,L,0,0.71,81,85,4,80,13,23,39,76,118.5,6.8,11,5,437,355,289,47,39.4,10.3,2.1,19,7,https://www.fifatrainingcentre.com/media/native/tournaments/fifa-world-cup/2026/PMSR-M40-NZL-V-EGY.pdf,/Users/kyle/Documents/MyProjects/WorldCupPrediction/data/raw/fifa_reports/M040_PMSR-M40-NZL-V-EGY.pdf
2026_M041,41,2026-06-22 00:00:00,Norway,Senegal,True,3,2,W,3,1.5,82,68,5,87,11,19,32,55,120.3,6.5,13,7,361,295,224,33,40.1,8.4,2.05,16,4,https://www.fifatrainingcentre.com/media/native/tournaments/fifa-world-cup/2026/PMSR-M41-NOR-V-SEN.pdf,/Users/kyle/Documents/MyProjects/WorldCupPrediction/data/raw/fifa_reports/M041_PMSR-M41-NOR-V-SEN.pdf
2026_M041,41,2026-06-22 00:00:00,Senegal,Norway,False,2,3,L,0,2.05,89,99,12,181,23,27,36,74,111.2,6.1,16,4,504,447,233,41,51.4,8.4,1.5,13,7,https://www.fifatrainingcentre.com/media/native/tournaments/fifa-world-cup/2026/PMSR-M41-NOR-V-SEN.pdf,/Users/kyle/Documents/MyProjects/WorldCupPrediction/data/raw/fifa_reports/M041_PMSR-M41-NOR-V-SEN.pdf
2026_M042,42,2026-06-22 00:00:00,France,Iraq,True,3,0,W,3,2.3,92,117,21,246,19,38,42,79,107.7,4.7,19,5,604,553,257,35,49.0,6.7,0.7,4,0,https://www.fifatrainingcentre.com/media/native/tournaments/fifa-world-cup/2026/PMSR-M42-FRA-V-IRQ.pdf,/Users/kyle/Documents/MyProjects/WorldCupPrediction/data/raw/fifa_reports/M042_PMSR-M42-FRA-V-IRQ.pdf
2026_M042,42,2026-06-22 00:00:00,Iraq,France,False,0,3,L,0,0.7,86,89,6,50,10,26,37,55,112.1,4.5,4,0,502,431,304,43,44.3,6.7,2.3,19,5,https://www.fifatrainingcentre.com/media/native/tournaments/fifa-world-cup/2026/PMSR-M42-FRA-V-IRQ.pdf,/Users/kyle/Documents/MyProjects/WorldCupPrediction/data/raw/fifa_reports/M042_PMSR-M42-FRA-V-IRQ.pdf
2026_M043,43,2026-06-22 00:00:00,Argentina,Austria,True,2,0,W,3,2.45,90,87,6,103,6,14,41,53,104.4,4.5,12,5,564,509,229,35,48.2,8.4,0.63,6,1,https://www.fifatrainingcentre.com/media/native/tournaments/fifa-world-cup/2026/PMSR-M43-ARG-V-AUT.pdf,/Users/kyle/Documents/MyProjects/WorldCupPrediction/data/raw/fifa_reports/M043_PMSR-M43-ARG-V-AUT.pdf
2026_M043,43,2026-06-22 00:00:00,Austria,Argentina,False,0,2,L,0,0.63,88,91,13,146,18,18,31,65,107.8,4.9,6,1,475,416,299,48,43.5,8.4,2.45,12,5,https://www.fifatrainingcentre.com/media/native/tournaments/fifa-world-cup/2026/PMSR-M43-ARG-V-AUT.pdf,/Users/kyle/Documents/MyProjects/WorldCupPrediction/data/raw/fifa_reports/M043_PMSR-M43-ARG-V-AUT.pdf
2026_M044,44,2026-06-22 00:00:00,Algeria,Jordan,False,2,1,W,3,2.05,89,99,19,182,20,39,55,85,116.3,6.6,17,8,661,590,199,48,62.2,10.1,0.38,8,4,https://www.fifatrainingcentre.com/media/native/tournaments/fifa-world-cup/2026/PMSR-M44-JOR-V-ALG.pdf,/Users/kyle/Documents/MyProjects/WorldCupPrediction/data/raw/fifa_reports/M044_PMSR-M44-JOR-V-ALG.pdf
2026_M044,44,2026-06-22 00:00:00,Jordan,Algeria,True,1,2,L,0,0.38,74,71,12,49,7,29,47,67,117.5,5.9,8,4,270,201,355,76,27.7,10.1,2.05,17,8,https://www.fifatrainingcentre.com/media/native/tournaments/fifa-world-cup/2026/PMSR-M44-JOR-V-ALG.pdf,/Users/kyle/Documents/MyProjects/WorldCupPrediction/data/raw/fifa_reports/M044_PMSR-M44-JOR-V-ALG.pdf
2026_M045,45,2026-06-23 00:00:00,England,Ghana,True,0,0,D,1,1.78,93,106,16,218,32,31,25,65,108.3,5.1,19,3,652,605,105,39,72.4,7.6,0.34,2,0,https://www.fifatrainingcentre.com/media/native/tournaments/fifa-world-cup/2026/PMSR-M45-ENG-V-GHA.pdf,/Users/kyle/Documents/MyProjects/WorldCupPrediction/data/raw/fifa_reports/M045_PMSR-M45-ENG-V-GHA.pdf
2026_M045,45,2026-06-23 00:00:00,Ghana,England,False,0,0,D,1,0.34,72,36,6,24,5,11,31,32,105.9,4.3,2,0,179,128,298,50,20.0,7.6,1.78,19,3,https://www.fifatrainingcentre.com/media/native/tournaments/fifa-world-cup/2026/PMSR-M45-ENG-V-GHA.pdf,/Users/kyle/Documents/MyProjects/WorldCupPrediction/data/raw/fifa_reports/M045_PMSR-M45-ENG-V-GHA.pdf
2026_M046,46,2026-06-23 00:00:00,Croatia,Panama,False,1,0,W,3,0.82,86,75,16,96,18,19,47,65,110.0,6.9,6,2,518,445,236,51,52.5,10.4,0.69,8,1,https://www.fifatrainingcentre.com/media/native/tournaments/fifa-world-cup/2026/PMSR-M46-PAN-V-CRO.pdf,/Users/kyle/Documents/MyProjects/WorldCupPrediction/data/raw/fifa_reports/M046_PMSR-M46-PAN-V-CRO.pdf
2026_M046,46,2026-06-23 00:00:00,Panama,Croatia,True,0,1,L,0,0.69,79,80,10,97,27,24,44,81,108.2,5.8,8,1,356,282,269,58,37.2,10.4,0.82,6,2,https://www.fifatrainingcentre.com/media/native/tournaments/fifa-world-cup/2026/PMSR-M46-PAN-V-CRO.pdf,/Users/kyle/Documents/MyProjects/WorldCupPrediction/data/raw/fifa_reports/M046_PMSR-M46-PAN-V-CRO.pdf
2026_M048,48,2026-06-23 00:00:00,Colombia,Congo DR,True,1,0,W,3,1.54,87,94,10,146,14,14,40,64,104.0,5.0,20,9,548,475,155,31,58.5,8.6,0.42,7,1,https://www.fifatrainingcentre.com/media/native/tournaments/fifa-world-cup/2026/PMSR-M48-COL-V-COD-V2.pdf,/Users/kyle/Documents/MyProjects/WorldCupPrediction/data/raw/fifa_reports/M048_PMSR-M48-COL-V-COD-V2.pdf
2026_M048,48,2026-06-23 00:00:00,Congo DR,Colombia,False,0,1,L,0,0.42,75,51,6,56,13,10,40,59,106.0,5.1,7,1,315,236,300,47,32.9,8.6,1.54,20,9,https://www.fifatrainingcentre.com/media/native/tournaments/fifa-world-cup/2026/PMSR-M48-COL-V-COD-V2.pdf,/Users/kyle/Documents/MyProjects/WorldCupPrediction/data/raw/fifa_reports/M048_PMSR-M48-COL-V-COD-V2.pdf
2026_M049,49,2026-06-24 00:00:00,Brazil,Scotland,False,3,0,W,3,3.78,93,108,9,139,13,20,28,53,110.7,4.2,21,9,615,571,227,24,51.1,6.0,0.69,14,5,https://www.fifatrainingcentre.com/media/native/tournaments/fifa-world-cup/2026/PMSR-M49-SCO-V-BRA.pdf,/Users/kyle/Documents/MyProjects/WorldCupPrediction/data/raw/fifa_reports/M049_PMSR-M49-SCO-V-BRA.pdf
2026_M049,49,2026-06-24 00:00:00,Scotland,Brazil,True,0,3,L,0,0.69,90,99,7,96,24,15,33,49,113.2,4.4,14,5,520,466,241,34,43.0,6.0,3.78,21,9,https://www.fifatrainingcentre.com/media/native/tournaments/fifa-world-cup/2026/PMSR-M49-SCO-V-BRA.pdf,/Users/kyle/Documents/MyProjects/WorldCupPrediction/data/raw/fifa_reports/M049_PMSR-M49-SCO-V-BRA.pdf
2026_M051,51,2026-06-24 00:00:00,Canada,Switzerland,False,1,2,L,0,1.61,78,87,7,103,26,21,50,64,114.6,7.1,13,7,353,275,299,44,40.1,11.1,1.68,6,4,https://www.fifatrainingcentre.com/media/native/tournaments/fifa-world-cup/2026/PMSR-M51-SUI-V-CAN.pdf,/Users/kyle/Documents/MyProjects/WorldCupPrediction/data/raw/fifa_reports/M051_PMSR-M51-SUI-V-CAN.pdf
2026_M051,51,2026-06-24 00:00:00,Switzerland,Canada,True,2,1,W,3,1.68,83,95,6,55,8,16,49,53,109.9,5.2,6,4,471,389,216,50,48.8,11.1,1.61,13,7,https://www.fifatrainingcentre.com/media/native/tournaments/fifa-world-cup/2026/PMSR-M51-SUI-V-CAN.pdf,/Users/kyle/Documents/MyProjects/WorldCupPrediction/data/raw/fifa_reports/M051_PMSR-M51-SUI-V-CAN.pdf
2026_M052,52,2026-06-24 00:00:00,Bosnia and Herzegovina,Qatar,True,3,1,W,3,0.77,88,99,8,92,25,29,43,59,113.8,5.5,14,5,521,461,248,41,48.7,8.7,1.17,9,3,https://www.fifatrainingcentre.com/media/native/tournaments/fifa-world-cup/2026/PMSR-M52-BIH-V-QAT.pdf,/Users/kyle/Documents/MyProjects/WorldCupPrediction/data/raw/fifa_reports/M052_PMSR-M52-BIH-V-QAT.pdf
2026_M052,52,2026-06-24 00:00:00,Qatar,Bosnia and Herzegovina,False,1,3,L,0,1.17,85,90,14,94,18,13,42,55,110.0,5.4,9,3,457,388,264,37,42.6,8.7,0.77,14,5,https://www.fifatrainingcentre.com/media/native/tournaments/fifa-world-cup/2026/PMSR-M52-BIH-V-QAT.pdf,/Users/kyle/Documents/MyProjects/WorldCupPrediction/data/raw/fifa_reports/M052_PMSR-M52-BIH-V-QAT.pdf
2026_M053,53,2026-06-24 00:00:00,Czechia,Mexico,True,0,3,L,0,0.44,83,82,6,80,20,18,38,66,111.6,5.3,13,1,423,352,213,27,44.7,8.8,2.1,11,5,https://www.fifatrainingcentre.com/media/native/tournaments/fifa-world-cup/2026/PMSR-M53-CZE-V-MEX.pdf,/Users/kyle/Documents/MyProjects/WorldCupPrediction/data/raw/fifa_reports/M053_PMSR-M53-CZE-V-MEX.pdf
2026_M053,53,2026-06-24 00:00:00,Mexico,Czechia,False,3,0,W,3,2.1,86,71,5,109,14,14,35,51,114.7,5.5,11,5,394,340,233,23,46.5,8.8,0.44,13,1,https://www.fifatrainingcentre.com/media/native/tournaments/fifa-world-cup/2026/PMSR-M53-CZE-V-MEX.pdf,/Users/kyle/Documents/MyProjects/WorldCupPrediction/data/raw/fifa_reports/M053_PMSR-M53-CZE-V-MEX.pdf
2026_M054,54,2026-06-24 00:00:00,Korea Republic,South Africa,False,0,1,L,0,0.74,92,114,20,187,39,15,28,63,111.0,5.4,8,3,718,657,199,27,60.9,8.9,0.89,13,4,https://www.fifatrainingcentre.com/media/native/tournaments/fifa-world-cup/2026/PMSR-M54-RSA-V-KOR.pdf,/Users/kyle/Documents/MyProjects/WorldCupPrediction/data/raw/fifa_reports/M054_PMSR-M54-RSA-V-KOR.pdf
2026_M054,54,2026-06-24 00:00:00,South Africa,Korea Republic,True,1,0,W,3,0.89,81,69,2,53,7,21,40,68,111.8,5.4,13,4,345,279,321,37,30.3,8.9,0.74,8,3,https://www.fifatrainingcentre.com/media/native/tournaments/fifa-world-cup/2026/PMSR-M54-RSA-V-KOR.pdf,/Users/kyle/Documents/MyProjects/WorldCupPrediction/data/raw/fifa_reports/M054_PMSR-M54-RSA-V-KOR.pdf
2026_M055,55,2026-06-25 00:00:00,Curaçao,Côte d'Ivoire,True,0,2,L,0,0.66,85,78,9,69,15,27,43,57,106.2,5.5,11,2,369,312,299,62,37.9,6.9,0.93,7,3,https://www.fifatrainingcentre.com/media/native/tournaments/fifa-world-cup/2026/PMSR-M55-CUW-V-CIV.pdf,/Users/kyle/Documents/MyProjects/WorldCupPrediction/data/raw/fifa_reports/M055_PMSR-M55-CUW-V-CIV.pdf
2026_M055,55,2026-06-25 00:00:00,Côte d'Ivoire,Curaçao,False,2,0,W,3,0.93,89,116,9,131,18,26,44,65,106.4,5.3,7,3,644,574,201,43,55.2,6.9,0.66,11,2,https://www.fifatrainingcentre.com/media/native/tournaments/fifa-world-cup/2026/PMSR-M55-CUW-V-CIV.pdf,/Users/kyle/Documents/MyProjects/WorldCupPrediction/data/raw/fifa_reports/M055_PMSR-M55-CUW-V-CIV.pdf
2026_M056,56,2026-06-25 00:00:00,Ecuador,Germany,True,2,1,W,3,1.29,84,61,7,93,14,24,49,66,109.8,6.1,7,3,389,325,299,58,39.2,9.6,0.74,11,3,https://www.fifatrainingcentre.com/media/native/tournaments/fifa-world-cup/2026/PMSR-M56-ECU-V-GER.pdf,/Users/kyle/Documents/MyProjects/WorldCupPrediction/data/raw/fifa_reports/M056_PMSR-M56-ECU-V-GER.pdf
2026_M056,56,2026-06-25 00:00:00,Germany,Ecuador,False,1,2,L,0,0.74,88,114,4,146,16,25,51,85,114.5,6.3,11,3,612,537,231,41,51.2,9.6,1.29,7,3,https://www.fifatrainingcentre.com/media/native/tournaments/fifa-world-cup/2026/PMSR-M56-ECU-V-GER.pdf,/Users/kyle/Documents/MyProjects/WorldCupPrediction/data/raw/fifa_reports/M056_PMSR-M56-ECU-V-GER.pdf
2026_M057,57,2026-06-25 00:00:00,Japan,Sweden,True,1,1,D,1,1.22,84,79,7,95,14,16,42,62,110.2,5.3,8,3,454,381,221,47,44.7,10.7,0.56,11,5,https://www.fifatrainingcentre.com/media/native/tournaments/fifa-world-cup/2026/PMSR-M57-JPN-V-SWE.pdf,/Users/kyle/Documents/MyProjects/WorldCupPrediction/data/raw/fifa_reports/M057_PMSR-M57-JPN-V-SWE.pdf
2026_M057,57,2026-06-25 00:00:00,Sweden,Japan,False,1,1,D,1,0.56,80,72,3,111,16,18,37,74,111.1,5.1,11,5,410,330,201,26,44.6,10.7,1.22,8,3,https://www.fifatrainingcentre.com/media/native/tournaments/fifa-world-cup/2026/PMSR-M57-JPN-V-SWE.pdf,/Users/kyle/Documents/MyProjects/WorldCupPrediction/data/raw/fifa_reports/M057_PMSR-M57-JPN-V-SWE.pdf
2026_M058,58,2026-06-25 00:00:00,Netherlands,Tunisia,False,3,1,W,3,1.79,93,115,16,233,27,25,34,61,106.8,5.3,20,7,668,619,173,32,64.6,7.8,0.76,10,4,https://www.fifatrainingcentre.com/media/native/tournaments/fifa-world-cup/2026/PMSR-M58-TUN-V-NED.pdf,/Users/kyle/Documents/MyProjects/WorldCupPrediction/data/raw/fifa_reports/M058_PMSR-M58-TUN-V-NED.pdf
2026_M058,58,2026-06-25 00:00:00,Tunisia,Netherlands,True,1,3,L,0,0.76,78,56,4,54,13,15,34,40,111.1,5.1,10,4,265,208,346,51,27.5,7.8,1.79,20,7,https://www.fifatrainingcentre.com/media/native/tournaments/fifa-world-cup/2026/PMSR-M58-TUN-V-NED.pdf,/Users/kyle/Documents/MyProjects/WorldCupPrediction/data/raw/fifa_reports/M058_PMSR-M58-TUN-V-NED.pdf
2026_M059,59,2026-06-25 00:00:00,Türkiye,USA,True,3,2,W,3,1.71,77,88,13,106,11,24,50,75,115.0,5.8,8,2,456,353,219,56,42.5,9.5,1.78,18,7,https://www.fifatrainingcentre.com/media/native/tournaments/fifa-world-cup/2026/PMSR-M59-TUR-v-USA.pdf,/Users/kyle/Documents/MyProjects/WorldCupPrediction/data/raw/fifa_reports/M059_PMSR-M59-TUR-v-USA.pdf
2026_M059,59,2026-06-25 00:00:00,USA,Türkiye,False,2,3,L,0,1.78,86,91,14,111,20,19,47,61,127.6,7.7,18,7,495,424,267,50,48.0,9.5,1.71,8,2,https://www.fifatrainingcentre.com/media/native/tournaments/fifa-world-cup/2026/PMSR-M59-TUR-v-USA.pdf,/Users/kyle/Documents/MyProjects/WorldCupPrediction/data/raw/fifa_reports/M059_PMSR-M59-TUR-v-USA.pdf
2026_M060,60,2026-06-25 00:00:00,Australia,Paraguay,False,0,0,D,1,0.7,85,86,4,109,13,30,43,93,116.4,5.6,12,5,526,446,210,33,46.2,11.6,0.29,7,2,https://www.fifatrainingcentre.com/media/native/tournaments/fifa-world-cup/2026/PMSR-M60-PAR-V-AUS.pdf,/Users/kyle/Documents/MyProjects/WorldCupPrediction/data/raw/fifa_reports/M060_PMSR-M60-PAR-V-AUS.pdf
2026_M060,60,2026-06-25 00:00:00,Paraguay,Australia,True,0,0,D,1,0.29,83,49,3,62,7,18,51,64,113.1,5.5,7,2,418,345,284,62,42.2,11.6,0.7,12,5,https://www.fifatrainingcentre.com/media/native/tournaments/fifa-world-cup/2026/PMSR-M60-PAR-V-AUS.pdf,/Users/kyle/Documents/MyProjects/WorldCupPrediction/data/raw/fifa_reports/M060_PMSR-M60-PAR-V-AUS.pdf
2026_M061,61,2026-06-26 00:00:00,France,Norway,False,4,1,W,3,1.05,90,98,21,184,16,28,43,68,109.1,5.6,18,9,549,492,234,45,51.2,7.8,1.45,10,5,https://www.fifatrainingcentre.com/media/native/tournaments/fifa-world-cup/2026/PMSR-M61-NOR-V-FRA.pdf,/Users/kyle/Documents/MyProjects/WorldCupPrediction/data/raw/fifa_reports/M061_PMSR-M61-NOR-V-FRA.pdf
2026_M061,61,2026-06-26 00:00:00,Norway,France,True,1,4,L,0,1.45,82,75,4,96,9,24,38,64,113.5,6.0,10,5,449,367,297,43,41.0,7.8,1.05,18,9,https://www.fifatrainingcentre.com/media/native/tournaments/fifa-world-cup/2026/PMSR-M61-NOR-V-FRA.pdf,/Users/kyle/Documents/MyProjects/WorldCupPrediction/data/raw/fifa_reports/M061_PMSR-M61-NOR-V-FRA.pdf
2026_M062,62,2026-06-26 00:00:00,Iraq,Senegal,False,0,5,L,0,0.21,71,52,4,41,5,17,43,53,104.7,5.4,6,1,280,200,259,48,30.7,10.7,2.7,27,11,https://www.fifatrainingcentre.com/media/native/tournaments/fifa-world-cup/2026/PMSR-M62-SEN-V-IRQ.pdf,/Users/kyle/Documents/MyProjects/WorldCupPrediction/data/raw/fifa_reports/M062_PMSR-M62-SEN-V-IRQ.pdf
2026_M062,62,2026-06-26 00:00:00,Senegal,Iraq,True,5,0,W,3,2.7,89,107,17,240,29,40,38,71,111.9,6.1,27,11,585,523,162,23,58.6,10.7,0.21,6,1,https://www.fifatrainingcentre.com/media/native/tournaments/fifa-world-cup/2026/PMSR-M62-SEN-V-IRQ.pdf,/Users/kyle/Documents/MyProjects/WorldCupPrediction/data/raw/fifa_reports/M062_PMSR-M62-SEN-V-IRQ.pdf
2026_M063,63,2026-06-26 00:00:00,Egypt,IR Iran,True,1,1,D,1,0.92,89,97,15,123,16,30,52,76,117.2,5.9,15,3,588,525,169,30,53.7,9.9,2.24,13,3,https://www.fifatrainingcentre.com/media/native/tournaments/fifa-world-cup/2026/PMSR-M63-EGY-V-IRN.pdf,/Users/kyle/Documents/MyProjects/WorldCupPrediction/data/raw/fifa_reports/M063_PMSR-M63-EGY-V-IRN.pdf
2026_M063,63,2026-06-26 00:00:00,IR Iran,Egypt,False,1,1,D,1,2.24,78,73,5,87,11,21,43,78,118.8,6.5,13,3,359,280,278,45,36.4,9.9,0.92,15,3,https://www.fifatrainingcentre.com/media/native/tournaments/fifa-world-cup/2026/PMSR-M63-EGY-V-IRN.pdf,/Users/kyle/Documents/MyProjects/WorldCupPrediction/data/raw/fifa_reports/M063_PMSR-M63-EGY-V-IRN.pdf
2026_M064,64,2026-06-26 00:00:00,Belgium,New Zealand,False,5,1,W,3,3.99,90,118,18,203,25,38,44,82,119.8,6.9,35,10,530,475,249,32,50.1,9.4,0.3,6,2,https://www.fifatrainingcentre.com/media/native/tournaments/fifa-world-cup/2026/PMSR-M64-NZL-V-BEL.pdf,/Users/kyle/Documents/MyProjects/WorldCupPrediction/data/raw/fifa_reports/M064_PMSR-M64-NZL-V-BEL.pdf
2026_M064,64,2026-06-26 00:00:00,New Zealand,Belgium,True,1,5,L,0,0.3,84,82,5,77,13,17,32,50,117.6,6.9,6,2,450,379,321,51,40.5,9.4,3.99,35,10,https://www.fifatrainingcentre.com/media/native/tournaments/fifa-world-cup/2026/PMSR-M64-NZL-V-BEL.pdf,/Users/kyle/Documents/MyProjects/WorldCupPrediction/data/raw/fifa_reports/M064_PMSR-M64-NZL-V-BEL.pdf
2026_M065,65,2026-06-26 00:00:00,Cabo Verde,Saudi Arabia,True,0,0,D,1,1.37,86,113,12,133,21,36,53,83,115.5,6.2,15,2,465,402,206,34,48.0,10.2,0.35,7,3,https://www.fifatrainingcentre.com/media/native/tournaments/fifa-world-cup/2026/PMSR-M65-CPV-V-KSA.pdf,/Users/kyle/Documents/MyProjects/WorldCupPrediction/data/raw/fifa_reports/M065_PMSR-M65-CPV-V-KSA.pdf
2026_M065,65,2026-06-26 00:00:00,Saudi Arabia,Cabo Verde,False,0,0,D,1,0.35,81,76,11,95,12,21,42,67,113.9,7.3,7,3,455,370,304,66,41.9,10.2,1.37,15,2,https://www.fifatrainingcentre.com/media/native/tournaments/fifa-world-cup/2026/PMSR-M65-CPV-V-KSA.pdf,/Users/kyle/Documents/MyProjects/WorldCupPrediction/data/raw/fifa_reports/M065_PMSR-M65-CPV-V-KSA.pdf
2026_M066,66,2026-06-26 00:00:00,Spain,Uruguay,False,1,0,W,3,1.12,89,134,10,89,15,37,49,65,111.2,5.1,6,1,637,570,215,35,57.1,9.5,0.22,5,1,https://www.fifatrainingcentre.com/media/native/tournaments/fifa-world-cup/2026/PMSR-M66-URU-V-ESP.pdf,/Users/kyle/Documents/MyProjects/WorldCupPrediction/data/raw/fifa_reports/M066_PMSR-M66-URU-V-ESP.pdf
2026_M066,66,2026-06-26 00:00:00,Uruguay,Spain,True,0,1,L,0,0.22,79,68,15,94,18,24,53,67,113.8,6.5,5,1,305,241,390,64,33.4,9.5,1.12,6,1,https://www.fifatrainingcentre.com/media/native/tournaments/fifa-world-cup/2026/PMSR-M66-URU-V-ESP.pdf,/Users/kyle/Documents/MyProjects/WorldCupPrediction/data/raw/fifa_reports/M066_PMSR-M66-URU-V-ESP.pdf
2026_M067,67,2026-06-27 00:00:00,England,Panama,False,2,0,W,3,1.61,89,114,30,177,29,25,44,72,115.2,7.6,17,6,562,500,228,46,57.7,9.2,0.72,13,2,https://www.fifatrainingcentre.com/media/native/tournaments/fifa-world-cup/2026/PMSR-M67-PAN-V-ENG.pdf,/Users/kyle/Documents/MyProjects/WorldCupPrediction/data/raw/fifa_reports/M067_PMSR-M67-PAN-V-ENG.pdf
2026_M067,67,2026-06-27 00:00:00,Panama,England,True,0,2,L,0,0.72,75,84,5,48,10,22,55,57,111.3,6.2,13,2,306,231,283,55,33.1,9.2,1.61,17,6,https://www.fifatrainingcentre.com/media/native/tournaments/fifa-world-cup/2026/PMSR-M67-PAN-V-ENG.pdf,/Users/kyle/Documents/MyProjects/WorldCupPrediction/data/raw/fifa_reports/M067_PMSR-M67-PAN-V-ENG.pdf
2026_M068,68,2026-06-27 00:00:00,Croatia,Ghana,True,2,1,W,3,0.48,91,84,8,82,15,27,32,52,110.5,5.0,8,4,538,487,189,30,50.8,6.1,0.75,6,1,https://www.fifatrainingcentre.com/media/native/tournaments/fifa-world-cup/2026/PMSR-M68-CRO-V-GHA.pdf,/Users/kyle/Documents/MyProjects/WorldCupPrediction/data/raw/fifa_reports/M068_PMSR-M68-CRO-V-GHA.pdf
2026_M068,68,2026-06-27 00:00:00,Ghana,Croatia,False,1,2,L,0,0.75,88,50,5,60,11,27,40,47,106.4,5.0,6,1,466,411,271,36,43.1,6.1,0.48,8,4,https://www.fifatrainingcentre.com/media/native/tournaments/fifa-world-cup/2026/PMSR-M68-CRO-V-GHA.pdf,/Users/kyle/Documents/MyProjects/WorldCupPrediction/data/raw/fifa_reports/M068_PMSR-M68-CRO-V-GHA.pdf
2026_M069,69,2026-06-27 00:00:00,Algeria,Austria,True,3,3,D,1,1.54,93,96,7,137,4,26,39,47,105.2,4.3,12,5,775,723,218,30,60.7,5.3,1.06,10,3,https://www.fifatrainingcentre.com/media/native/tournaments/fifa-world-cup/2026/PMSR-M69-ALG-V-AUT.pdf,/Users/kyle/Documents/MyProjects/WorldCupPrediction/data/raw/fifa_reports/M069_PMSR-M69-ALG-V-AUT.pdf
2026_M069,69,2026-06-27 00:00:00,Austria,Algeria,False,3,3,D,1,1.06,88,70,10,93,13,10,24,56,113.3,4.6,10,3,405,355,305,40,33.9,5.3,1.54,12,5,https://www.fifatrainingcentre.com/media/native/tournaments/fifa-world-cup/2026/PMSR-M69-ALG-V-AUT.pdf,/Users/kyle/Documents/MyProjects/WorldCupPrediction/data/raw/fifa_reports/M069_PMSR-M69-ALG-V-AUT.pdf
2026_M070,70,2026-06-27 00:00:00,Argentina,Jordan,False,3,1,W,3,2.52,92,130,8,144,10,25,42,48,105.9,4.7,13,4,824,762,184,39,67.6,4.7,0.96,5,1,https://www.fifatrainingcentre.com/media/native/tournaments/fifa-world-cup/2026/PMSR-M70-JOR-V-ARG.pdf,/Users/kyle/Documents/MyProjects/WorldCupPrediction/data/raw/fifa_reports/M070_PMSR-M70-JOR-V-ARG.pdf
2026_M070,70,2026-06-27 00:00:00,Jordan,Argentina,True,1,3,L,0,0.96,80,66,11,61,9,30,37,44,110.6,4.9,5,1,300,239,471,48,27.7,4.7,2.52,13,4,https://www.fifatrainingcentre.com/media/native/tournaments/fifa-world-cup/2026/PMSR-M70-JOR-V-ARG.pdf,/Users/kyle/Documents/MyProjects/WorldCupPrediction/data/raw/fifa_reports/M070_PMSR-M70-JOR-V-ARG.pdf
2026_M071,71,2026-06-27 00:00:00,Colombia,Portugal,True,0,0,D,1,1.85,90,114,13,178,16,20,36,60,103.0,5.0,24,7,547,491,218,23,51.9,6.7,0.97,13,2,https://www.fifatrainingcentre.com/media/native/tournaments/fifa-world-cup/2026/PMSR-M71-COL-V-POR.pdf,/Users/kyle/Documents/MyProjects/WorldCupPrediction/data/raw/fifa_reports/M071_PMSR-M71-COL-V-POR.pdf
2026_M071,71,2026-06-27 00:00:00,Portugal,Colombia,False,0,0,D,1,0.97,92,99,12,121,14,32,37,38,104.0,4.8,13,2,456,421,303,29,41.4,6.7,1.85,24,7,https://www.fifatrainingcentre.com/media/native/tournaments/fifa-world-cup/2026/PMSR-M71-COL-V-POR.pdf,/Users/kyle/Documents/MyProjects/WorldCupPrediction/data/raw/fifa_reports/M071_PMSR-M71-COL-V-POR.pdf
2026_M072,72,2026-06-27 00:00:00,Congo DR,Uzbekistan,True,3,1,W,3,2.11,85,106,6,131,25,41,54,93,115.1,5.5,19,5,495,419,191,31,53.0,10.0,0.16,3,1,https://www.fifatrainingcentre.com/media/native/tournaments/fifa-world-cup/2026/PMSR-M72-COD-V-UZB-v2.pdf,/Users/kyle/Documents/MyProjects/WorldCupPrediction/data/raw/fifa_reports/M072_PMSR-M72-COD-V-UZB-v2.pdf
2026_M072,72,2026-06-27 00:00:00,Uzbekistan,Congo DR,False,1,3,L,0,0.16,75,80,5,90,15,16,54,74,115.8,5.6,3,1,378,283,342,62,37.0,10.0,2.11,19,5,https://www.fifatrainingcentre.com/media/native/tournaments/fifa-world-cup/2026/PMSR-M72-COD-V-UZB-v2.pdf,/Users/kyle/Documents/MyProjects/WorldCupPrediction/data/raw/fifa_reports/M072_PMSR-M72-COD-V-UZB-v2.pdf
2026_M047,47,2026-06-23,Portugal,Uzbekistan,True,5,0,W,3,2.03,90,135,19,179,24,43,37,67,110.2,6.0,17,9,639,577,197,43,56.1,9.8,0.44,7,2,https://www.fifatrainingcentre.com/media/native/tournaments/fifa-world-cup/2026/PMSR-M47-POR-V-UZB-v2.pdf,/Users/kyle/Documents/MyProjects/WorldCupPrediction/data/raw/fifa_reports/M047_PMSR-M47-POR-V-UZB-v2.pdf
2026_M047,47,2026-06-23,Uzbekistan,Portugal,False,0,5,L,0,0.44,80,63,3,63,8,21,49,61,109.6,6.5,7,2,347,278,338,44,34.0,9.8,2.03,17,9,https://www.fifatrainingcentre.com/media/native/tournaments/fifa-world-cup/2026/PMSR-M47-POR-V-UZB-v2.pdf,/Users/kyle/Documents/MyProjects/WorldCupPrediction/data/raw/fifa_reports/M047_PMSR-M47-POR-V-UZB-v2.pdf
2026_M050,50,2026-06-24,Haiti,Morocco,False,2,4,L,0,0.65,80,49,3,40,3,32,50,59,107.5,5.9,9,2,265,212,331,50,31.5,8.4,2.12,22,11,https://www.fifatrainingcentre.com/media/native/tournaments/fifa-world-cup/2026/PMSR-M50-MAR-V-HAI-V2.pdf,/Users/kyle/Documents/MyProjects/WorldCupPrediction/data/raw/fifa_reports/M050_PMSR-M50-MAR-V-HAI-V2.pdf
2026_M050,50,2026-06-24,Morocco,Haiti,True,4,2,W,3,2.12,89,124,19,157,31,39,38,64,111.2,6.8,22,11,557,495,172,57,60.1,8.4,0.65,9,2,https://www.fifatrainingcentre.com/media/native/tournaments/fifa-world-cup/2026/PMSR-M50-MAR-V-HAI-V2.pdf,/Users/kyle/Documents/MyProjects/WorldCupPrediction/data/raw/fifa_reports/M050_PMSR-M50-MAR-V-HAI-V2.pdf
